Currency,images,Image url,Max Price,Min Price,Number of sold items,Price,Product Details Url,Rating score,Shipping cost,Store name,Store url,Product Title
MAD,https://ae01.alicdn.com/kf/S4834d26bd8274a02aa3188a76891f361J/9-Mode-Laser-Plasma-Pen-Freckle-Remover-Mole-Dark-Spot-Black-Dot-Skin-Tag-Wart-Removal.jpg_220x220xz.jpg,//ae01.alicdn.com/kf/S4834d26bd8274a02aa3188a76891f361J/9-Mode-Laser-Plasma-Pen-Freckle-Remover-Mole-Dark-Spot-Black-Dot-Skin-Tag-Wart-Removal.jpg_220x220xz.jpg, ,81.39,2 vendu(s),MAD 81.39,fr.aliexpress.com/item/1005004287544719.html, , ,Misenora Store,//fr.aliexpress.com/store/912729188,Stylo Laser Plasma 9 modes. élimine les taches de rousseur. points noirs. verrues. outil de nettoyage du visage. beauté. livraison directe
MAD,https://ae01.alicdn.com/kf/H0bbae646fa50436fbdec3abc69d5bfc9K/Hair-Care-Hair-Growth-Essential-Oils-Essence-Original-Authentic-100-Hair-Loss-Liquid-Health-Care-Beauty.jpg_220x220xz.jpg,//ae01.alicdn.com/kf/H0bbae646fa50436fbdec3abc69d5bfc9K/Hair-Care-Hair-Growth-Essential-Oils-Essence-Original-Authentic-100-Hair-Loss-Liquid-Health-Care-Beauty.jpg_220x220xz.jpg, ,65.25,136 vendu(s),MAD 65.25,fr.aliexpress.com/item/1005003197049115.html,5, ,Fulfill Your Dreams Store,//fr.aliexpress.com/store/912215273,Huiles essentielles pour la croissance des cheveux et les soins de santé. essence originale et 100% authentique. liquide pour la perte de chevelure. sérum de beauté dense
MAD,https://ae01.alicdn.com/kf/H4c8bbcd411b7499ba1386fbf153ec468U/Colored-Contact-Lenses-for-Eyes-Natural-Beauty-Color-Lens-Eyes-Siam-Twilight-Colored-Contact-Lens-for.jpg_220x220xz.jpg,//ae01.alicdn.com/kf/H4c8bbcd411b7499ba1386fbf153ec468U/Colored-Contact-Lenses-for-Eyes-Natural-Beauty-Color-Lens-Eyes-Siam-Twilight-Colored-Contact-Lens-for.jpg_220x220xz.jpg, ,23.61,8600 vendu(s),MAD 23.61,fr.aliexpress.com/item/1005003501958046.html,4.6, ,Lensmall Store,//fr.aliexpress.com/store/5797070,Lentilles de Contact colorées pour les yeux. beauté naturelle. Siam crépuscule. 1 paire
MAD,https://ae01.alicdn.com/kf/S62295d86c26c424bbc9a7f589e64d7afW/IMAGIC-Sponge-4pcs-Set-Makeup-Puff-Cosmetic-Latex-Soft-Beauty-Ball-Foundation-Powder-With-Box-Wet.jpg_220x220xz.jpg,//ae01.alicdn.com/kf/S62295d86c26c424bbc9a7f589e64d7afW/IMAGIC-Sponge-4pcs-Set-Makeup-Puff-Cosmetic-Latex-Soft-Beauty-Ball-Foundation-Powder-With-Box-Wet.jpg_220x220xz.jpg, ,0.1,557 vendu(s),MAD 0.10,fr.aliexpress.com/item/1005003882331574.html,4.9, ,IMAGIC Official Store,//fr.aliexpress.com/store/2133138,IMAGIC – éponge de maquillage en Latex. 4 pièces/ensemble. bouffantes de cosmétiques. poudre de fond de teint. boule de beauté douce. humide et sèche. outil de maquillage coloré
MAD,https://ae01.alicdn.com/kf/S55d08b2b742944178eadb863ebbb277a9/Hair-Growth-Products-Ginger-Fast-Growing-Hair-Essential-Oil-Beauty-Hair-Care-Prevent-Hair-Loss-Oil.jpg_220x220xz.jpg,//ae01.alicdn.com/kf/S55d08b2b742944178eadb863ebbb277a9/Hair-Growth-Products-Ginger-Fast-Growing-Hair-Essential-Oil-Beauty-Hair-Care-Prevent-Hair-Loss-Oil.jpg_220x220xz.jpg, ,44.43,221 vendu(s),MAD 44.43,fr.aliexpress.com/item/1005004149022727.html,5, ,YOUNGCOME Store,//fr.aliexpress.com/store/912581188,Produits pour la croissance des cheveux gingembre à croissance rapide huile essentielle soins de beauté des cheveux prévenir la perte de cheveux huile traitement du cuir chevelu pour hommes femmes
MAD,https://ae01.alicdn.com/kf/S9abb11de3305489eb8ca3e10e1f1b1c6p/LESCOLTON-Auto-Skin-Tag-Remover-Painless-Mole-Wart-Remover-Skin-Tag-Removal-Kit-with-Cleansing-Swabs.jpg_220x220xz.jpg,//ae01.alicdn.com/kf/S9abb11de3305489eb8ca3e10e1f1b1c6p/LESCOLTON-Auto-Skin-Tag-Remover-Painless-Mole-Wart-Remover-Skin-Tag-Removal-Kit-with-Cleansing-Swabs.jpg_220x220xz.jpg, ,75.81,1800 vendu(s),MAD 75.81,fr.aliexpress.com/item/1005003069894266.html,4.8, ,Lescolton Officalflagship Store,//fr.aliexpress.com/store/912030292,LESCOLTON – dissolvant automatique de verrues. sans douleur. avec tampons de nettoyage. outil de beauté pour le visage. à usage domestique
MAD,https://ae01.alicdn.com/kf/H65ee2ccd2c904a438363046f0106b213m/Hair-Care-Hair-Growth-Essential-Oils-Essence-Original-Authentic-100-Hair-Loss-Liquid-Health-Care-Beauty.jpg_220x220xz.jpg,//ae01.alicdn.com/kf/H65ee2ccd2c904a438363046f0106b213m/Hair-Care-Hair-Growth-Essential-Oils-Essence-Original-Authentic-100-Hair-Loss-Liquid-Health-Care-Beauty.jpg_220x220xz.jpg, ,65.25,377 vendu(s),MAD 65.25,fr.aliexpress.com/item/1005002340431875.html,4.8, ,BEAUTYANGELNA Store,//fr.aliexpress.com/store/911417380,Huiles essentielles pour la croissance des cheveux. Essence originale et authentique. liquide pour la perte de cheveux. soins de santé. beauté. sérum Dense pour la croissance des cheveux. 100%
MAD,https://ae01.alicdn.com/kf/Sa930664cad3d484e83c22b22136098fbt/Uofenna-Facial-Scraping-Massager-Roller-Face-Guasha-Scraper-SPA-Massage-Lift-Skin-Relaxation-Slimming-Beauty-Tool.jpg_220x220xz.jpg,//ae01.alicdn.com/kf/Sa930664cad3d484e83c22b22136098fbt/Uofenna-Facial-Scraping-Massager-Roller-Face-Guasha-Scraper-SPA-Massage-Lift-Skin-Relaxation-Slimming-Beauty-Tool.jpg_220x220xz.jpg, ,60.67,23 vendu(s),MAD 60.67,fr.aliexpress.com/item/1005004220455800.html, , ,Uofenna Official Store,//fr.aliexpress.com/store/5627198,Uofenna – rouleau de Massage pour le visage. outil de beauté pour lifting de la peau. Relaxation et amincissement
MAD,https://ae01.alicdn.com/kf/S81b94710c8864c44badbc5dc357a8ae2F/AmazeFan-7in1-Face-Massager-RF-Microcurrent-Mesotherapy-Electroporation-LED-Skin-Rejuvenation-Remover-Wrinkle-Lifting-Beauty.jpg_220x220xz.jpg,//ae01.alicdn.com/kf/S81b94710c8864c44badbc5dc357a8ae2F/AmazeFan-7in1-Face-Massager-RF-Microcurrent-Mesotherapy-Electroporation-LED-Skin-Rejuvenation-Remover-Wrinkle-Lifting-Beauty.jpg_220x220xz.jpg, ,217.37,4797 vendu(s),MAD 217.37,fr.aliexpress.com/item/4001103686669.html,4.7, ,AmazeFan Official Store,//fr.aliexpress.com/store/5742116,AmazeFan 7in1 masseur de visage RF micro-courant mésothérapie électroporation LED rajeunissement de la peau dissolvant rides levage beauté lifting visage Compresse chaude Outil de soin hydratant pour la peau
MAD,https://ae01.alicdn.com/kf/H72fbdde8e78249d98105b04b4acfaafcd/Slimming-Losing-Weight-Essential-Oils-Thin-Leg-Waist-Fat-Burning-Pure-Natural-Weight-Loss-Products-Beauty.jpg_220x220xz.jpg,//ae01.alicdn.com/kf/H72fbdde8e78249d98105b04b4acfaafcd/Slimming-Losing-Weight-Essential-Oils-Thin-Leg-Waist-Fat-Burning-Pure-Natural-Weight-Loss-Products-Beauty.jpg_220x220xz.jpg, ,109.38,61 vendu(s),MAD 109.38,fr.aliexpress.com/item/1005003636752959.html,4.6, ,Fulfill Your Dreams Store,//fr.aliexpress.com/store/912215273,Huiles Essentielles pour Perte de Poids Crème Amincissante pour les Jambes et la Taille. Brûleur de Graisses. Produit Naturel Pur. pour la Beauté du Corps
MAD,https://ae01.alicdn.com/kf/H0193c46f733c474bb8efbf674ea13d2aP/Retinol-Face-Cream-Anti-wrinkle-Skin-Care-Anti-Aging-Firming-Cosmetics-Hyaluronic-Acid-Moisturizing-Whitening-Beauty.jpg_220x220xz.jpg,//ae01.alicdn.com/kf/H0193c46f733c474bb8efbf674ea13d2aP/Retinol-Face-Cream-Anti-wrinkle-Skin-Care-Anti-Aging-Firming-Cosmetics-Hyaluronic-Acid-Moisturizing-Whitening-Beauty.jpg_220x220xz.jpg, ,55.99,2651 vendu(s),MAD 55.99,fr.aliexpress.com/item/1005003786304996.html,4.7, ,AIYOU Store,//fr.aliexpress.com/store/1100071047,Crème pour le visage au rétinol. soins pour la peau. Anti-rides. Anti-âge. raffermissant. cosmétique. acide hyaluronique. hydratant. blanchissant. produits de beauté
MAD,https://ae01.alicdn.com/kf/Ua9bc583d681b4f71b46fcb4e4bf9337fe/Ultrasonic-skin-scrubber-Ultrasonic-cleaning-peeling-EMS-Face-massager-Portable-beauty-device-facial-cleansing-Pore-tightening.jpg_220x220xz.jpg,//ae01.alicdn.com/kf/Ua9bc583d681b4f71b46fcb4e4bf9337fe/Ultrasonic-skin-scrubber-Ultrasonic-cleaning-peeling-EMS-Face-massager-Portable-beauty-device-facial-cleansing-Pore-tightening.jpg_220x220xz.jpg, ,174.33,266 vendu(s),MAD 174.33,fr.aliexpress.com/item/1005001774718854.html,4.9, ,AmazeFan Direct Store,//fr.aliexpress.com/store/911007066,epurateur de peau ultrasonique peeling visage epurateur de peau visage nettoyage. appareil de beauté Portable peeling et massage du visage raffermissement des pores
MAD,https://ae01.alicdn.com/kf/S9815bb106cf745e9aa1e49ffc25c1212J/NEW-1ml-Beauty-Body-And-Face-Cosmetic-Care-Cream-Semi-Permanent-Makeup-For-hyaluron-pen-Hair.jpg_220x220xz.jpg,//ae01.alicdn.com/kf/S9815bb106cf745e9aa1e49ffc25c1212J/NEW-1ml-Beauty-Body-And-Face-Cosmetic-Care-Cream-Semi-Permanent-Makeup-For-hyaluron-pen-Hair.jpg_220x220xz.jpg, ,194.46,9 vendu(s),MAD 194.46,fr.aliexpress.com/item/1005004235760008.html, , ,Shop1102059832 Store,//fr.aliexpress.com/store/1102059832,NEW 1ml Beauty Body And Face Cosmetic Care Cream Semi Permanent Makeup For hyaluron pen Hair Laser Removal Acid Cream Filler
MAD,https://ae01.alicdn.com/kf/Hd9bda967a67e4336af6114c96d2838b0p/KONKA-Facial-Steamer-140ml-Skin-Care-Machine-Household-Electric-Vaporizador-Deeply-Cleaning-SPA-Face-Sprayer-Cleaner.jpg_220x220xz.jpg,//ae01.alicdn.com/kf/Hd9bda967a67e4336af6114c96d2838b0p/KONKA-Facial-Steamer-140ml-Skin-Care-Machine-Household-Electric-Vaporizador-Deeply-Cleaning-SPA-Face-Sprayer-Cleaner.jpg_220x220xz.jpg, ,330.54,40 vendu(s),MAD 330.54,fr.aliexpress.com/item/1005004170957439.html,5, ,Konka Authorized Appliances Store,//fr.aliexpress.com/store/5202021,KONKA – vaporisateur électrique pour le visage. appareil de soins pour la peau. nettoyage en profondeur. SPA. 140ml
MAD,https://ae01.alicdn.com/kf/S4c885d9b779747acb110a1dde2eaa4b61/2022-New-Physical-Hair-Removal-Painless-Safe-Epilator-Easy-Cleaning-Reusable-Body-Beauty-Depilation-Tool-Glass.jpg_220x220xz.jpg,//ae01.alicdn.com/kf/S4c885d9b779747acb110a1dde2eaa4b61/2022-New-Physical-Hair-Removal-Painless-Safe-Epilator-Easy-Cleaning-Reusable-Body-Beauty-Depilation-Tool-Glass.jpg_220x220xz.jpg, ,59.67,40 vendu(s),MAD 59.67,fr.aliexpress.com/item/1005004200390980.html,4.5, ,Beautiful New Party Store,//fr.aliexpress.com/store/5836312,Épilateur physique sans douleur. facile à nettoyer. en verre. réutilisable. beauté du corps. 2022
MAD,https://ae01.alicdn.com/kf/S9f4ee10dadc8465eabf430e2112c46c6K/Ginger-Hair-Growth-Essential-Oil-Serum-Hair-Treatment-Anti-Lost-Beauty-Products-Fast-Grow-Repair-Scalp.jpg_220x220xz.jpg,//ae01.alicdn.com/kf/S9f4ee10dadc8465eabf430e2112c46c6K/Ginger-Hair-Growth-Essential-Oil-Serum-Hair-Treatment-Anti-Lost-Beauty-Products-Fast-Grow-Repair-Scalp.jpg_220x220xz.jpg, ,42.54,43 vendu(s),MAD 42.54,fr.aliexpress.com/item/1005004165553664.html,5, ,YOUNGCOME Store,//fr.aliexpress.com/store/912581188,Sérum à l'huile essentielle de gingembre pour la croissance des cheveux. traitement Anti-perte. produits de beauté. réparation rapide du cuir chevelu. dommages crépus. soins capillaires
MAD,https://ae01.alicdn.com/kf/S91363600d91e4fe795d7f747bce2d567g/Painless-Hair-Removal-Spray-Hair-Growth-Inhibitor-Armpit-Legs-Arms-Gentle-Hair-Loss-Nourishing-Repair-Skin.jpg_220x220xz.jpg,//ae01.alicdn.com/kf/S91363600d91e4fe795d7f747bce2d567g/Painless-Hair-Removal-Spray-Hair-Growth-Inhibitor-Armpit-Legs-Arms-Gentle-Hair-Loss-Nourishing-Repair-Skin.jpg_220x220xz.jpg, ,94.64,5 vendu(s),MAD 94.64,fr.aliexpress.com/item/1005004072762594.html,4, ,GTR Beauty Store,//fr.aliexpress.com/store/1100225346,Spray d'épilation sans douleur. inhibiteur de la croissance des poils. aisselles. jambes. bras. perte de cheveux douce. nourrissant. réparation. produit de beauté pour la peau
MAD,https://ae01.alicdn.com/kf/Hd7479c1ed1274410a941d50622368a30G/Beauty-Star-Ultrasonic-Face-Cleaning-Skin-Scrubber-Facial-Cleaner-Skin-Peeling-Blackhead-Removal-Pore-Cleaner-Face.jpg_220x220xz.jpg,//ae01.alicdn.com/kf/Hd7479c1ed1274410a941d50622368a30G/Beauty-Star-Ultrasonic-Face-Cleaning-Skin-Scrubber-Facial-Cleaner-Skin-Peeling-Blackhead-Removal-Pore-Cleaner-Face.jpg_220x220xz.jpg, ,118.05,542 vendu(s),MAD 118.05,fr.aliexpress.com/item/32893141045.html,4.6, ,Beauty Star Official Store,//fr.aliexpress.com/store/134277,Beauty Star — Épurateur de peau à ultrason. machine de lifting et de nettoyage en profondeur du visage et de la peau. nettoyeur des pores et points noirs
MAD,https://ae01.alicdn.com/kf/S439e9c5f90da4d2b9eda40335722c1d3b/Hair-Growth-Serum-Spray-Fast-Hair-Growth-Liquid-Treatment-Scalp-Hair-Follicle-Anti-Hair-Loss-Natural.jpg_220x220xz.jpg,//ae01.alicdn.com/kf/S439e9c5f90da4d2b9eda40335722c1d3b/Hair-Growth-Serum-Spray-Fast-Hair-Growth-Liquid-Treatment-Scalp-Hair-Follicle-Anti-Hair-Loss-Natural.jpg_220x220xz.jpg, ,3.79,271 vendu(s),MAD 3.79,fr.aliexpress.com/item/1005004136938499.html,5, ,Dauter Store,//fr.aliexpress.com/store/1100170125,Sérum de croissance capillaire rapide en Spray. liquide de traitement du cuir chevelu. Anti-chute. beauté naturelle. soins capillaires
MAD,https://ae01.alicdn.com/kf/S126abcf08b7d4b2492ae0b80b430a0ffy/Mushroom-Head-CC-Cream-BB-Air-Cushion-Cream-Concealer-Foundation-Cream-Brighten-Skin-Tone-Beauty-Foundation.jpg_220x220xz.jpg,//ae01.alicdn.com/kf/S126abcf08b7d4b2492ae0b80b430a0ffy/Mushroom-Head-CC-Cream-BB-Air-Cushion-Cream-Concealer-Foundation-Cream-Brighten-Skin-Tone-Beauty-Foundation.jpg_220x220xz.jpg, ,90.45,1 vendu(s),MAD 90.45,fr.aliexpress.com/item/1005004275552516.html, , ,Shop1102063912 Store,//fr.aliexpress.com/store/1102063912,BB crème à coussin d'air pour femmes. tête de champignon. correcteur. fond de teint. éclaircissant. teint. beauté
MAD,https://ae01.alicdn.com/kf/H1a3e231a0b1246efb79f06d53e2f42fdW/Retinol-Remove-Wrinkle-Serum-Cosmetics-Collagen-Lifting-Firming-Anti-Aging-Face-Skin-Care-Fade-Fine-Lines.jpg_220x220xz.jpg,//ae01.alicdn.com/kf/H1a3e231a0b1246efb79f06d53e2f42fdW/Retinol-Remove-Wrinkle-Serum-Cosmetics-Collagen-Lifting-Firming-Anti-Aging-Face-Skin-Care-Fade-Fine-Lines.jpg_220x220xz.jpg, ,99.42,3987 vendu(s),MAD 99.42,fr.aliexpress.com/item/1005003345704280.html,4.6, ,8BQ Cosmetic Store,//fr.aliexpress.com/store/912457686,Sérum Anti-rides au rétinol. collagène cosmétique. Lifting. raffermissant. Anti-âge. soins de la peau. estompe les ridules. répare les produits de beauté
MAD,https://ae01.alicdn.com/kf/H7011fc2e68df4eb88b339eb23c592604y/Beauty-Forever-Brazilian-13-4-Straight-Lace-Front-Wig-Hand-tied-5x5-HD-Lace-Wig-Remy.jpg_220x220xz.jpg,//ae01.alicdn.com/kf/H7011fc2e68df4eb88b339eb23c592604y/Beauty-Forever-Brazilian-13-4-Straight-Lace-Front-Wig-Hand-tied-5x5-HD-Lace-Wig-Remy.jpg_220x220xz.jpg, ,1545.79,67 vendu(s),MAD 1.545.79,fr.aliexpress.com/item/32894216056.html,4.7, ,Beauty Forever,//fr.aliexpress.com/store/412935,Beauty Forever – perruque Lace Front Wig brésilienne Remy naturelle. cheveux lisses. 5x5 HD. 13x4. naissance des cheveux naturelle. pre-plucked. attaché à la main
MAD,https://ae01.alicdn.com/kf/S1ac10a3b9d2e4f23ac8f0895693cc21dQ/13Pcs-Makeup-Brushes-Set-Cosmetics-Powder-EyeShadow-Foundation-Blush-Blending-Beauty-Make-Up-Brush-Beauty-Tool.jpg_220x220xz.jpg,//ae01.alicdn.com/kf/S1ac10a3b9d2e4f23ac8f0895693cc21dQ/13Pcs-Makeup-Brushes-Set-Cosmetics-Powder-EyeShadow-Foundation-Blush-Blending-Beauty-Make-Up-Brush-Beauty-Tool.jpg_220x220xz.jpg, ,34.39,2 vendu(s),MAD 34.39,fr.aliexpress.com/item/1005004296009474.html, , ,Astarexin Official Store,//fr.aliexpress.com/store/5783893,Ensemble de pinceaux de maquillage. cosmétiques. poudre. fard à paupières. fond de teint. mélange de Blush. beauté. outil de beauté. 13 pièces
MAD,https://ae01.alicdn.com/kf/S62c5e0cd6016470c8e849b716fc1674a0/24K-Gold-Facial-Cream-Face-Eye-Anti-wrinkle-Aging-Serum-Lift-Tighten-Fade-Fine-Lines-Promotes.jpg_220x220xz.jpg,//ae01.alicdn.com/kf/S62c5e0cd6016470c8e849b716fc1674a0/24K-Gold-Facial-Cream-Face-Eye-Anti-wrinkle-Aging-Serum-Lift-Tighten-Fade-Fine-Lines-Promotes.jpg_220x220xz.jpg, ,97.23,11 vendu(s),MAD 97.23,fr.aliexpress.com/item/1005004255531033.html, , ,MeiFace Store,//fr.aliexpress.com/store/912493838,Crème pour le visage en or 24K. sérum Anti-rides. Anti-âge. raffermit. estompe les ridules. favorise la régénération du collagène. blanchit
MAD,https://ae01.alicdn.com/kf/Ha939d214af7c4dbc93441ea1d54484258/Lactobionic-Acid-Pore-Shrink-Face-Serum-Hyaluronic-Acid-Moisturizing-Nourishing-Essence-Firming-Brighten-Beauty-Korean-Cosmetics.jpg_220x220xz.jpg,//ae01.alicdn.com/kf/Ha939d214af7c4dbc93441ea1d54484258/Lactobionic-Acid-Pore-Shrink-Face-Serum-Hyaluronic-Acid-Moisturizing-Nourishing-Essence-Firming-Brighten-Beauty-Korean-Cosmetics.jpg_220x220xz.jpg, ,101.01,5682 vendu(s),MAD 101.01,fr.aliexpress.com/item/1005003268886063.html,4.6, ,Little Sexy Store,//fr.aliexpress.com/store/911810414,Sérum de visage à l'acide lactobionique. rétrécissement des pores. acide hyaluronique. hydratant. nourrissant. Essence. raffermissant. beauté lumineuse. cosmétiques coréens
MAD,https://ae01.alicdn.com/kf/Hb129ba50520c4d86a39d5c5cbbd12b60o/VIBRANT-GLAMOUR-Retinol-Face-Cream-Anti-Aging-Remove-Wrinkle-Firming-Lifting-Whitening-Brightening-Moisturizing-Facial-Skin.jpg_220x220xz.jpg,//ae01.alicdn.com/kf/Hb129ba50520c4d86a39d5c5cbbd12b60o/VIBRANT-GLAMOUR-Retinol-Face-Cream-Anti-Aging-Remove-Wrinkle-Firming-Lifting-Whitening-Brightening-Moisturizing-Facial-Skin.jpg_220x220xz.jpg, ,70.33,2131 vendu(s),MAD 70.33,fr.aliexpress.com/item/1005001813039423.html,4.8, ,VIBRANT GLAMOUR Official Store,//fr.aliexpress.com/store/4409126,VIBRANT GLAMOUR – crème pour le visage. rétinol. Anti-âge. Anti-rides. raffermissement. Lifting. blanchiment. éclaircissant. hydratant. soins pour la peau
MAD,https://ae01.alicdn.com/kf/S61ebb32bf918441baf850a624e4d5f6eD/Silicone-Lip-Plumper-Electric-Device-Beauty-Tool-Oral-Care-Bigger-Thicker-Apple-Effect-and-Full-Effectse.jpg_220x220xz.jpg,//ae01.alicdn.com/kf/S61ebb32bf918441baf850a624e4d5f6eD/Silicone-Lip-Plumper-Electric-Device-Beauty-Tool-Oral-Care-Bigger-Thicker-Apple-Effect-and-Full-Effectse.jpg_220x220xz.jpg, ,185.89,5 vendu(s),MAD 185.89,fr.aliexpress.com/item/1005003888367935.html, , ,Shenzhen Huicui Electronic Technology Co.. Ltd.,//fr.aliexpress.com/store/802214,Repulpeur de lèvres en Silicone. dispositif électrique. outil de beauté. soins buccaux. plus épais. effet pomme
MAD,https://ae01.alicdn.com/kf/Sc2f55a70742c4b5d9d667d8038614366w/AmazeFan-Facial-Neck-Massager-3-Colors-Led-Photon-Therapy-lifting-Wrinkle-Removal-Beauty-Device-Reduce-Double.jpg_220x220xz.jpg,//ae01.alicdn.com/kf/Sc2f55a70742c4b5d9d667d8038614366w/AmazeFan-Facial-Neck-Massager-3-Colors-Led-Photon-Therapy-lifting-Wrinkle-Removal-Beauty-Device-Reduce-Double.jpg_220x220xz.jpg, ,151.02,1057 vendu(s),MAD 151.02,fr.aliexpress.com/item/4001165431868.html,4.7, ,AmazeFan Official Store,//fr.aliexpress.com/store/5742116,AmazeFan – appareil de massage du visage et du cou. 3 couleurs. Led. photonothérapie. chauffage. élimination des rides du visage et du cou. réduction du Double menton. lifting de la peau Appareil de beauté
MAD,https://ae01.alicdn.com/kf/S95db6d7f073e49cb847089e4b3e212e82/4pcs-set-Professional-Blackhead-Remover-Black-Spot-Pimple-Blemish-Beauty-Women-Skin-Care-Facial-Cleaning-Pimple.jpg_220x220xz.jpg,//ae01.alicdn.com/kf/S95db6d7f073e49cb847089e4b3e212e82/4pcs-set-Professional-Blackhead-Remover-Black-Spot-Pimple-Blemish-Beauty-Women-Skin-Care-Facial-Cleaning-Pimple.jpg_220x220xz.jpg, ,22.61,6377 vendu(s),MAD 22.61,fr.aliexpress.com/item/1005003422483648.html,4.7, ,DEJOLIA Trendy Cosmetic Store,//fr.aliexpress.com/store/910327286,Dissolvant de points noirs professionnel. 4 pièces/ensemble. Kit d'outils de nettoyage du visage pour femmes
MAD,https://ae01.alicdn.com/kf/S7b88f91766ec43f0ad41a63ccc2edbc9M/LED-Face-Skin-Rejuvenation-Cryotherapy-Photon-Facial-Lifting-Vibration-Massager-Hot-Cool-Instrument-Skin-Care-Beauty.jpg_220x220xz.jpg,//ae01.alicdn.com/kf/S7b88f91766ec43f0ad41a63ccc2edbc9M/LED-Face-Skin-Rejuvenation-Cryotherapy-Photon-Facial-Lifting-Vibration-Massager-Hot-Cool-Instrument-Skin-Care-Beauty.jpg_220x220xz.jpg, ,413.12,3 vendu(s),MAD 413.12,fr.aliexpress.com/item/1005004110987816.html,5, ,THB Official Store,//fr.aliexpress.com/store/5588186,Appareil de thérapie par photons pour le rajeunissement de la peau du visage. massage par Vibration. outil de soins de la peau. beauté
MAD,https://ae01.alicdn.com/kf/S032f0351b67e46b9ab650aec4317e0b3H/Nano-Facial-Sprayer-Mini-USB-Humidifier-Face-Steamer-Nebulizer-Moisturizing-Beauty-Instruments-Skin-Care.jpg_220x220xz.jpg,//ae01.alicdn.com/kf/S032f0351b67e46b9ab650aec4317e0b3H/Nano-Facial-Sprayer-Mini-USB-Humidifier-Face-Steamer-Nebulizer-Moisturizing-Beauty-Instruments-Skin-Care.jpg_220x220xz.jpg, ,46.62,4 vendu(s),MAD 46.62,fr.aliexpress.com/item/1005004255764476.html, , ,Uofenna Official Store,//fr.aliexpress.com/store/5627198,Nano pulvérisateur Facial. Mini humidificateur USB. vapeur. nébuliseur. Instruments de beauté hydratants. soins de la peau
MAD,https://ae01.alicdn.com/kf/S28d3182a1d194b1d908d26116aa860ffB/Water-Oxygen-Jet-Peel-Hydra-Beauty-Skin-Cleansing-Hydra-Dermabrasion-Face-Machine-Water-Aqua-Peeling-RF.jpg_220x220xz.jpg,//ae01.alicdn.com/kf/S28d3182a1d194b1d908d26116aa860ffB/Water-Oxygen-Jet-Peel-Hydra-Beauty-Skin-Cleansing-Hydra-Dermabrasion-Face-Machine-Water-Aqua-Peeling-RF.jpg_220x220xz.jpg, ,2313.25,54 vendu(s),MAD 2.313.25,fr.aliexpress.com/item/1005002604885928.html,4.9, ,missheart Official Store,//fr.aliexpress.com/store/4991033,Machine de Peeling à Jet d'eau et d'oxygène. beauté. nettoyage de la peau. Dermabrasion du visage. Peeling à l'eau. RF. Lifting. masque LED pour Salon
MAD,https://ae01.alicdn.com/kf/S2b873a44407546d78394ca0f40ef37efQ/4pcs-Makeup-Sponge-Blender-Beauty-Egg-with-Box-Cosmetic-Puff-Cushion-Foundation-Powder-Sponge-Tool-Women.jpg_220x220xz.jpg,//ae01.alicdn.com/kf/S2b873a44407546d78394ca0f40ef37efQ/4pcs-Makeup-Sponge-Blender-Beauty-Egg-with-Box-Cosmetic-Puff-Cushion-Foundation-Powder-Sponge-Tool-Women.jpg_220x220xz.jpg, ,0.1,50 vendu(s),MAD 0.10,fr.aliexpress.com/item/1005003717769826.html,5, ,Shiningsmile Store,//fr.aliexpress.com/store/4990389,4 pièces Éponge de maquillage pour femmes. mélangeur d'œufs de beauté avec boîte. coussin de poudre de fond de teint. accessoires de maquillage. 4 pièces
MAD,https://ae01.alicdn.com/kf/S29cd4a52fd6846f0952fa52c8d5a51b3a/7-in-1-Face-Lift-Devices-RF-Microcurrent-Skin-Rejuvenation-Facial-Massager-Light-Therapy-Anti-Aging.png_220x220xz.png,//ae01.alicdn.com/kf/S29cd4a52fd6846f0952fa52c8d5a51b3a/7-in-1-Face-Lift-Devices-RF-Microcurrent-Skin-Rejuvenation-Facial-Massager-Light-Therapy-Anti-Aging.png_220x220xz.png, ,129.6,474 vendu(s),MAD 129.60,fr.aliexpress.com/item/1005003787472543.html,4.8, ,DearBeauty Foreveryoung Store,//fr.aliexpress.com/store/5700192,Appareil de lifting du visage 7 en 1. RF. micro-courant. rajeunissement de la peau. masseur Facial. luminothérapie. Anti-âge. Anti-rides. appareil de beauté
MAD,https://ae01.alicdn.com/kf/S33dfb12831d14bf69afac89ac1176c094/Perfectline-Pdo-Pcl-Thread-Lift-Korea-Beauty-Cog-3D-4D-6D-Hilos-Tensores-Faciales-Lift-Line.jpg_220x220xz.jpg,//ae01.alicdn.com/kf/S33dfb12831d14bf69afac89ac1176c094/Perfectline-Pdo-Pcl-Thread-Lift-Korea-Beauty-Cog-3D-4D-6D-Hilos-Tensores-Faciales-Lift-Line.jpg_220x220xz.jpg, ,85.07, ,MAD 85.07,fr.aliexpress.com/item/1005004309705962.html, , ,Deenora Store,//fr.aliexpress.com/store/912193072,Perfectline – ligne de levage en fil Pdo Pcl. équipement de beauté coréen. 3D 4D 6D. pour enlever les rides. Super affaire
MAD,https://ae01.alicdn.com/kf/H90dfef9a50cd428ebb277d1f6775e6a8U/Facial-Brush-Skin-Massager-Electric-Silicone-Face-Brush-USB-Cleansing-Waterproof-Sonic-Vibration-Beauty-Instrument-Care.jpg_220x220xz.jpg,//ae01.alicdn.com/kf/H90dfef9a50cd428ebb277d1f6775e6a8U/Facial-Brush-Skin-Massager-Electric-Silicone-Face-Brush-USB-Cleansing-Waterproof-Sonic-Vibration-Beauty-Instrument-Care.jpg_220x220xz.jpg, ,144.83,24 vendu(s),MAD 144.83,fr.aliexpress.com/item/1005003329420508.html,2, ,Healthy Personal Care Store,//fr.aliexpress.com/store/912254287,Brosse faciale électrique en Silicone. massage de la peau. nettoyage USB. étanche. Vibration sonique. Instrument de beauté. outil de soins
MAD,https://ae01.alicdn.com/kf/Ha39ed15607a74d5b8b2b90270d4ed5c8g/MOPOYAT-Sexy-Hip-Buttock-Enlargement-Essential-Oil-Cream-Effective-Lifting-Firming-Hip-Lift-Up-Butt-Beauty.jpg_220x220xz.jpg,//ae01.alicdn.com/kf/Ha39ed15607a74d5b8b2b90270d4ed5c8g/MOPOYAT-Sexy-Hip-Buttock-Enlargement-Essential-Oil-Cream-Effective-Lifting-Firming-Hip-Lift-Up-Butt-Beauty.jpg_220x220xz.jpg, ,79,31 vendu(s),MAD 79.00,fr.aliexpress.com/item/1005003468981520.html,4.8, ,YOROS Store,//fr.aliexpress.com/store/911958268,MOPOYAT – crème aux huiles essentielles Sexy 30ml. crème efficace pour raffermir et raffermir les hanches et les fesses
MAD,https://ae01.alicdn.com/kf/Se27e92a09e444ac290fb047342ea2a5dg/Immediate-Anti-Wrinkle-Cream-Hyaluronic-Acid-Moisturizing-Skin-Care-Peptide-Complex-Serum-Firm-Whitening-Beauty-Cosmetics.jpg_220x220xz.jpg,//ae01.alicdn.com/kf/Se27e92a09e444ac290fb047342ea2a5dg/Immediate-Anti-Wrinkle-Cream-Hyaluronic-Acid-Moisturizing-Skin-Care-Peptide-Complex-Serum-Firm-Whitening-Beauty-Cosmetics.jpg_220x220xz.jpg, ,106.79,303 vendu(s),MAD 106.79,fr.aliexpress.com/item/1005004082409704.html,5, ,New Pores Store,//fr.aliexpress.com/store/1100333036,Crème Anti-rides immédiate à l'acide hyaluronique. soin hydratant pour la peau. Peptide complexe. sérum raffermissant. blanchissant. cosmétiques de beauté. 50g
MAD,https://ae01.alicdn.com/kf/Hab5b3c9c55564648ae6fdb7fabdab85de/CkeyiN-GREEN-Blackhead-Remover-Pore-Vacuum-Extractor-Acne-Pimple-Removal-Microdermabrasion-Black-head-Suction-Beauty-Skin.jpg_220x220xz.jpg,//ae01.alicdn.com/kf/Hab5b3c9c55564648ae6fdb7fabdab85de/CkeyiN-GREEN-Blackhead-Remover-Pore-Vacuum-Extractor-Acne-Pimple-Removal-Microdermabrasion-Black-head-Suction-Beauty-Skin.jpg_220x220xz.jpg, ,101.01,4 vendu(s),MAD 101.01,fr.aliexpress.com/item/1005002511455372.html,5, ,CkeyiN Official Store,//fr.aliexpress.com/store/2185062,CkeyiN – extracteur de points noirs vert. extracteur sous vide. élimination des boutons d'acné. aspiration de la tête noire. beauté. soins de la peau
MAD,https://ae01.alicdn.com/kf/Sefc7a280d2634217b38786e17460c7aa7/Hair-Growth-Products-Ginger-Essence-Fast-Regrowth-Serum-Beard-Growth-Oil-Hair-Loss-Care-Beauty-Scalp.jpg_220x220xz.jpg,//ae01.alicdn.com/kf/Sefc7a280d2634217b38786e17460c7aa7/Hair-Growth-Products-Ginger-Essence-Fast-Regrowth-Serum-Beard-Growth-Oil-Hair-Loss-Care-Beauty-Scalp.jpg_220x220xz.jpg, ,16.94,3948 vendu(s),MAD 16.94,fr.aliexpress.com/item/1005003907798884.html,4.8, ,iBeaLee Global Store,//fr.aliexpress.com/store/3193034,Sérum à repousse rapide pour hommes et femmes. produit de croissance capillaire. Essence de gingembre. huile de croissance pour barbe. soins de beauté. traitement du cuir chevelu
MAD,https://ae01.alicdn.com/kf/Ha07c43d0791d46c9be2c2d6d827f3433a/5-Mode-Facial-Mesotherapy-Electroporation-RF-Frequency-LED-Photon-Face-Lifting-Tighten-Wrinkle-Removal-Skin-Care.jpg_220x220xz.jpg,//ae01.alicdn.com/kf/Ha07c43d0791d46c9be2c2d6d827f3433a/5-Mode-Facial-Mesotherapy-Electroporation-RF-Frequency-LED-Photon-Face-Lifting-Tighten-Wrinkle-Removal-Skin-Care.jpg_220x220xz.jpg, ,189.18,176 vendu(s),MAD 189.18,fr.aliexpress.com/item/1005003160928057.html,4.7, ,Beauty-Live-VE Store,//fr.aliexpress.com/store/2063021,Massage Facial à 5 modes de mésothérapie. électroporation. fréquence RF. LED Photon. Lifting du visage. raffermit. élimine les rides. soins de la peau
MAD,https://ae01.alicdn.com/kf/S1f35aa35932048c7b1ca6c4c06fd64fcR/Ultrasonic-Skin-Scrubber-Pore-Cleaner-Face-Massager-Ion-Shovel-Blackhead-Remover-Deep-Cleaner-Anti-Aging-Skin.jpg_220x220xz.jpg,//ae01.alicdn.com/kf/S1f35aa35932048c7b1ca6c4c06fd64fcR/Ultrasonic-Skin-Scrubber-Pore-Cleaner-Face-Massager-Ion-Shovel-Blackhead-Remover-Deep-Cleaner-Anti-Aging-Skin.jpg_220x220xz.jpg, ,139.67,64 vendu(s),MAD 139.67,fr.aliexpress.com/item/1005004065727180.html,5, ,WeHealth Store,//fr.aliexpress.com/store/910369236,Nettoyeur ultrasonique de pores de peau. masseur de visage. dissolvant de points noirs. nettoyeur en profondeur. Anti-vieillissement. beauté de la peau
MAD,https://ae01.alicdn.com/kf/Sa7eae4a4bda546d1a35f8717ee3f8f881/9-level-Laser-Plasma-Pen-Mole-Removal-Dark-Spot-Remover-LCD-Skin-Care-Point-Pen-Skin.jpg_220x220xz.jpg,//ae01.alicdn.com/kf/Sa7eae4a4bda546d1a35f8717ee3f8f881/9-level-Laser-Plasma-Pen-Mole-Removal-Dark-Spot-Remover-LCD-Skin-Care-Point-Pen-Skin.jpg_220x220xz.jpg, ,251.34,1 vendu(s),MAD 251.34,fr.aliexpress.com/item/1005004267601443.html, , ,Beauty moonic Store,//fr.aliexpress.com/store/1100229325,Stylo laser plasma 9 niveaux. élimination des grains de beauté. disparition des tâches brunes. soin de peau LCD à stylet pointu. disposition des excroissances. verrues. tatouages. outil de routine esthétique
MAD,https://ae01.alicdn.com/kf/Hc53e9c757c31495184ae7a7bca278b8b8/Professional-Wireless-Dr-pen-M8-With-Cartridges-Derma-Pen-Skin-Care-Kit-Acne-Scar-Removal-Microneedle.jpg_220x220xz.jpg,//ae01.alicdn.com/kf/Hc53e9c757c31495184ae7a7bca278b8b8/Professional-Wireless-Dr-pen-M8-With-Cartridges-Derma-Pen-Skin-Care-Kit-Acne-Scar-Removal-Microneedle.jpg_220x220xz.jpg, ,727.92,79 vendu(s),MAD 727.92,fr.aliexpress.com/item/1005002730079322.html,4.3, ,Colorfullife 918,//fr.aliexpress.com/store/1149165,Stylo Dr sans fil professionnel M8 avec cartouches. Kit de soins pour la peau. élimination des cicatrices d'acné. micro-aiguille. Machine de beauté à usage domestique
MAD,https://ae01.alicdn.com/kf/S821bbc429e314633843f2fde626058bd6/5-in-1-EMS-Hot-Cool-Facial-Massager-LED-Light-Therapy-Sonic-Vibration-Wrinkle-Removal-Skin.jpg_220x220xz.jpg,//ae01.alicdn.com/kf/S821bbc429e314633843f2fde626058bd6/5-in-1-EMS-Hot-Cool-Facial-Massager-LED-Light-Therapy-Sonic-Vibration-Wrinkle-Removal-Skin.jpg_220x220xz.jpg, ,297.06,39 vendu(s),MAD 297.06,fr.aliexpress.com/item/1005004227797524.html,5, ,Windaily Official Store,//fr.aliexpress.com/store/914521,Masseur Facial EMS 5 en 1. thérapie à la lumière LED. Vibration sonique. élimination des rides. resserrement de la peau. soin de beauté
MAD,https://ae01.alicdn.com/kf/S9e86e769e7364581a6bdbd6e2f1f23594/7-Color-LED-Face-Mask-Photon-Therapy-Anti-Acne-Wrinkle-Face-Whiten-Skin-Rejuvenation-Skin-Care.jpg_220x220xz.jpg,//ae01.alicdn.com/kf/S9e86e769e7364581a6bdbd6e2f1f23594/7-Color-LED-Face-Mask-Photon-Therapy-Anti-Acne-Wrinkle-Face-Whiten-Skin-Rejuvenation-Skin-Care.jpg_220x220xz.jpg, ,225.04,3 vendu(s),MAD 225.04,fr.aliexpress.com/item/1005003612199548.html, , ,FLOWTIME Official Store,//fr.aliexpress.com/store/4474013,Masque facial de thérapie photonique à LED. 7 couleurs. Anti-acné. rides. blanchiment de la peau. soin de beauté
MAD,https://ae01.alicdn.com/kf/Hdb44827e73a7491995e92454453a7ae4u/9-Mode-Plasma-Pen-Freckle-Remove-Pen-Wart-Remover-Mole-Tattoo-Remover-Instruments-Skin-Tag-Removal.jpg_220x220xz.jpg,//ae01.alicdn.com/kf/Hdb44827e73a7491995e92454453a7ae4u/9-Mode-Plasma-Pen-Freckle-Remove-Pen-Wart-Remover-Mole-Tattoo-Remover-Instruments-Skin-Tag-Removal.jpg_220x220xz.jpg, ,127.81,1022 vendu(s),MAD 127.81,fr.aliexpress.com/item/1005002870761814.html,4.9, ,SkinBeauty Store,//fr.aliexpress.com/store/912021211,Stylo Plasma pour enlever les tâches de rousseur. outil de soins de beauté. 9 modes
MAD,https://ae01.alicdn.com/kf/Sd3bf787d836e4f42960473c81c37cbe7O/Rose-Gua-Sha-Scraping-Massage-Tools-for-Facial-Skincare-Anti-Aging-Trigger-Point-Treatment-SPA-Acupuncture.jpg_220x220xz.jpg,//ae01.alicdn.com/kf/Sd3bf787d836e4f42960473c81c37cbe7O/Rose-Gua-Sha-Scraping-Massage-Tools-for-Facial-Skincare-Anti-Aging-Trigger-Point-Treatment-SPA-Acupuncture.jpg_220x220xz.jpg, ,196.25, ,MAD 196.25,fr.aliexpress.com/item/1005004207505839.html, , ,THB Official Store,//fr.aliexpress.com/store/5588186,Rose Gua Sha outils de Massage pour les soins du visage Anti-âge Point de déclenchement traitement SPA Acupuncture thérapie soulagement
MAD,https://ae01.alicdn.com/kf/Safc095da83914c938998557cf0238315q/IMAGIC-3pcs-beauty-sponge-face-wash-puff-gourd-water-drop-puff-wet-and-dry-makeup-sponge.jpg_220x220xz.jpg,//ae01.alicdn.com/kf/Safc095da83914c938998557cf0238315q/IMAGIC-3pcs-beauty-sponge-face-wash-puff-gourd-water-drop-puff-wet-and-dry-makeup-sponge.jpg_220x220xz.jpg, ,48.91,1003 vendu(s),MAD 48.91,fr.aliexpress.com/item/4000070875675.html,4.9, ,IMAGIC Official Store,//fr.aliexpress.com/store/2133138,IMAGIC – éponge de beauté pour le visage. outil de maquillage humide et sec. goutte d'eau. 3 pièces
MAD,https://ae01.alicdn.com/kf/Sa741cdcde41745689df04c62a70e24a0j/MB-50-Pairs-3D-Mink-Eyelashes-Dramatic-Natural-Long-Wispies-lashes-Extension-Eye-lashes-Beauty-False.jpg_220x220xz.jpg,//ae01.alicdn.com/kf/Sa741cdcde41745689df04c62a70e24a0j/MB-50-Pairs-3D-Mink-Eyelashes-Dramatic-Natural-Long-Wispies-lashes-Extension-Eye-lashes-Beauty-False.jpg_220x220xz.jpg, ,118.25,237 vendu(s),MAD 118.25,fr.aliexpress.com/item/1005003669079370.html,5, ,MB Tattoo Official Store,//fr.aliexpress.com/store/2308084,MB – faux-cils en vison 3D. 50 paires. longs et naturels. extensions. beauté
MAD,https://ae01.alicdn.com/kf/Sdfa749337d9948c596dcf957af997dbeO/KONKA-Face-Cleansing-Electric-Brush-USB-Charging-Silicone-Skin-Care-Tools-Portable-Home-Travel-IPX6-Waterproof.jpg_220x220xz.jpg,//ae01.alicdn.com/kf/Sdfa749337d9948c596dcf957af997dbeO/KONKA-Face-Cleansing-Electric-Brush-USB-Charging-Silicone-Skin-Care-Tools-Portable-Home-Travel-IPX6-Waterproof.jpg_220x220xz.jpg, ,233.31,1 vendu(s),MAD 233.31,fr.aliexpress.com/item/1005003907799526.html, , ,Konka Authorized Appliances Store,//fr.aliexpress.com/store/5202021,KONKA – brosse électrique nettoyante pour le visage. rechargeable par USB. en Silicone. outils de soins de la peau. Portable. voyage à domicile. étanche IPX6
MAD,https://ae01.alicdn.com/kf/Sd2e2aba16547490db85dc8eac5965d48H/Great-Value-Specials-Pdo-Pcl-Threads-Lift-Nose-Eye-Face-Skin-Wrinkles-Lifting-Remove-Mono-Screw.jpg_220x220xz.jpg,//ae01.alicdn.com/kf/Sd2e2aba16547490db85dc8eac5965d48H/Great-Value-Specials-Pdo-Pcl-Threads-Lift-Nose-Eye-Face-Skin-Wrinkles-Lifting-Remove-Mono-Screw.jpg_220x220xz.jpg, ,182.3,13 vendu(s),MAD 182.30,fr.aliexpress.com/item/1005003774619153.html,5, ,Beautythread Store,//fr.aliexpress.com/store/912262281,Fils Pdo Pcl de grande valeur. pour lever le nez. les yeux. le visage. la peau. les rides. pour enlever les vis Mono. corée. beauté
MAD,https://ae01.alicdn.com/kf/S1e389edf2b284cdcaa25f8d5263499ca4/NoBOX-7-Colors-Facial-LED-Photon-Mask-Photorejuvenation-LED-Mask-Anti-Wrinkle-Acne-Treatment-Skin-Brightening.jpg_220x220xz.jpg,//ae01.alicdn.com/kf/S1e389edf2b284cdcaa25f8d5263499ca4/NoBOX-7-Colors-Facial-LED-Photon-Mask-Photorejuvenation-LED-Mask-Anti-Wrinkle-Acne-Treatment-Skin-Brightening.jpg_220x220xz.jpg, ,178.22, ,MAD 178.22,fr.aliexpress.com/item/1005004272089849.html, , ,foreverlily Korean Store,//fr.aliexpress.com/store/4695111,Masque Facial à photons LED. NoBOX-7 couleurs. Anti-rides. traitement de l'acné. éclaircissant pour la peau. soins pour la peau
MAD,https://ae01.alicdn.com/kf/Hb6e0260865574223b1c36c9cb5c0665bK/Guasha-Beautiful-Massage-Beeswax-Scraping-Massage-Scraper-Face-Massager-Acupuncture-Gua-Sha-Eye-Face-Board-SPA.jpg_220x220xz.jpg,//ae01.alicdn.com/kf/Hb6e0260865574223b1c36c9cb5c0665bK/Guasha-Beautiful-Massage-Beeswax-Scraping-Massage-Scraper-Face-Massager-Acupuncture-Gua-Sha-Eye-Face-Board-SPA.jpg_220x220xz.jpg, ,15.24,2639 vendu(s),MAD 15.24,fr.aliexpress.com/item/1005003724370871.html,4.6, ,Schitec Beautys Store,//fr.aliexpress.com/store/912616402,Guasha – outil de Massage SPA à la cire d'abeille. beau. grattoir de Massage du visage. Acupuncture Gua Sha Eye
MAD,https://ae01.alicdn.com/kf/Sa798e0f971094a23a680b17d461ea8325/VISUASHOW-FANTASTIC-PARTY-Beauty-Contact-Lenses-HEMA-Yearly-Natural-40-Water-Contant-3-Color-Eye-Color.jpg_220x220xz.jpg,//ae01.alicdn.com/kf/Sa798e0f971094a23a680b17d461ea8325/VISUASHOW-FANTASTIC-PARTY-Beauty-Contact-Lenses-HEMA-Yearly-Natural-40-Water-Contant-3-Color-Eye-Color.jpg_220x220xz.jpg, ,23.41, ,MAD 23.41,fr.aliexpress.com/item/1005004246862586.html, , ,VISUASHOW Official Store,//fr.aliexpress.com/store/1100345056,VISUASHOW FANTASTIC PARTY Beauty Contact Lenses HEMA Yearly Natural 40% Water Contant 3 Color Eye Color Lens
MAD,https://ae01.alicdn.com/kf/S28e32505003e418582b4fb6c0df40069D/Instant-Eyes-Wrinkle-Remover-Face-Cream-Eye-Firming-Anti-Aging-Lifting-Moisturizing-Facial-Cream-Remove-Fineline.jpg_220x220xz.jpg,//ae01.alicdn.com/kf/S28e32505003e418582b4fb6c0df40069D/Instant-Eyes-Wrinkle-Remover-Face-Cream-Eye-Firming-Anti-Aging-Lifting-Moisturizing-Facial-Cream-Remove-Fineline.jpg_220x220xz.jpg, ,66.45,14 vendu(s),MAD 66.45,fr.aliexpress.com/item/1005004211518238.html,5, ,BEAUTYANGELNA Store,//fr.aliexpress.com/store/911417380,Crème Anti-âge pour le visage. Anti-rides. raffermissante. hydratante. soin pour la peau
MAD,https://ae01.alicdn.com/kf/Hf5cc9b242fe54e89a419101327f6096f6/Eyelash-Makeup-Tools-Women-Rechargeable-Lifting-Eyelash-Curler-Long-Lasting-Eyelash-Perm-Electric-Heated-Eyelashes-Curler.png_220x220xz.png,//ae01.alicdn.com/kf/Hf5cc9b242fe54e89a419101327f6096f6/Eyelash-Makeup-Tools-Women-Rechargeable-Lifting-Eyelash-Curler-Long-Lasting-Eyelash-Perm-Electric-Heated-Eyelashes-Curler.png_220x220xz.png, ,199.46,14 vendu(s),MAD 199.46,fr.aliexpress.com/item/1005003466162232.html,5, ,KEKESU Official Store,//fr.aliexpress.com/store/912580157,Recourbe-cils longue durée pour femmes. outils de maquillage. Rechargeable. chauffant. électrique
MAD,https://ae01.alicdn.com/kf/Sbb76fcd52dab47699cf3c8f8b3d0aef6w/Color-Contact-Lenses-For-Light-Brown-Eyes-Yearly-disposal-Natural-Yellow-Colored-Contacts-Contact-Eye-Beauty.jpg_220x220xz.jpg,//ae01.alicdn.com/kf/Sbb76fcd52dab47699cf3c8f8b3d0aef6w/Color-Contact-Lenses-For-Light-Brown-Eyes-Yearly-disposal-Natural-Yellow-Colored-Contacts-Contact-Eye-Beauty.jpg_220x220xz.jpg, ,23.41, ,MAD 23.41,fr.aliexpress.com/item/1005004151373434.html, , ,VISUASHOW Official Store,//fr.aliexpress.com/store/1100345056,Lentilles de Contact colorées pour les yeux marron clair. jetables annuelles. Contacts de couleur jaune naturel. beauté des yeux. Cosplay
MAD,https://ae01.alicdn.com/kf/H474e7d0c8317456ca33421b87755a511I/ZOREYA-15-Types-Black-Makeup-Brushes-Eye-Face-Cosmetic-Foundation-Powder-Blush-Eyeshadow-Kabuki-Blending-Make.jpg_220x220xz.jpg,//ae01.alicdn.com/kf/H474e7d0c8317456ca33421b87755a511I/ZOREYA-15-Types-Black-Makeup-Brushes-Eye-Face-Cosmetic-Foundation-Powder-Blush-Eyeshadow-Kabuki-Blending-Make.jpg_220x220xz.jpg, ,0.1,256 vendu(s),MAD 0.10,fr.aliexpress.com/item/1005002711040132.html,4.8, ,ZOREYA Makeup Store,//fr.aliexpress.com/store/3664096,ZOREYA – pinceaux de maquillage noirs. 15 Types. pour le visage et les yeux. poudre de fond de teint. Blush. fards à paupières. mélange Kabuki. brosse de beauté
MAD,https://ae01.alicdn.com/kf/S1d766e84faf74a4e87787eefc8a6bf16u/Blackhead-Removal-Needles-Acne-black-head-remover-tool-kit-Black-Dots-Cleanser-Needle-Hook-Beauty-Acne.jpg_220x220xz.jpg,//ae01.alicdn.com/kf/S1d766e84faf74a4e87787eefc8a6bf16u/Blackhead-Removal-Needles-Acne-black-head-remover-tool-kit-Black-Dots-Cleanser-Needle-Hook-Beauty-Acne.jpg_220x220xz.jpg, ,52.4,3 vendu(s),MAD 52.40,fr.aliexpress.com/item/1005004290999766.html, , ,CE Mask Fpp2 Approved Store,//fr.aliexpress.com/store/911746755,Aiguilles pour l'élimination des points noirs. kit d'outils. nettoyeur de points noirs. crochet. beauté. acné. soin de la peau du visage
