images,Currency,Image url,Max Price,Min Price,Number of sold items,Price,Product Details Url,Rating score,Shipping cost,Store name,Store url,Product Title,,categories
https://ae01.alicdn.com/kf/S4648da22fc164ec0a96df12f7ddfb4ffA/New-mini-2-TWS-wireless-earphones-bluetooth-5-0-earphones-sports-earbuds-waterproof-earphones-for-iphone.jpg_220x220xz.jpg,MAD,//ae01.alicdn.com/kf/S4648da22fc164ec0a96df12f7ddfb4ffA/New-mini-2-TWS-wireless-earphones-bluetooth-5-0-earphones-sports-earbuds-waterproof-earphones-for-iphone.jpg_220x220xz.jpg, ,54.59,10259 vendu(s),MAD 54.59,fr.aliexpress.com/item/1005002277907649.html,4.5, ,EDS EIDESS WoSD flagship store Store,//fr.aliexpress.com/store/911603593,√âcouteurs Sans Fil Bluetooth. Oreillettes de Sport. √âtanches. pour Iphone. Huawei. Xiaomi. Nouveau. 5.0. Mini-2 TWS,,…couteurs et casques
https://ae01.alicdn.com/kf/H2ffab849b944463ab1d6b0c7e1d4e646S/Headphones-Bluetooth-Headset-Earphone-Wireless-Headphones-Stereo-Foldable-Sport-Earphone-Microphone-Headset-Handfree-MP3-Player.jpg_220x220xz.jpg,MAD,//ae01.alicdn.com/kf/H2ffab849b944463ab1d6b0c7e1d4e646S/Headphones-Bluetooth-Headset-Earphone-Wireless-Headphones-Stereo-Foldable-Sport-Earphone-Microphone-Headset-Handfree-MP3-Player.jpg_220x220xz.jpg, ,114.56,6714 vendu(s),MAD 114.56,fr.aliexpress.com/item/32757109028.html,4.7, ,Factory sales Wireless audio ,//fr.aliexpress.com/store/226163,√âcouteurs Bluetooth sans fil st√©r√©o pliables avec microphone. Casque d'√©coute pour sport mains libres. pour lecteur MP3,,…couteurs et casques
https://ae01.alicdn.com/kf/H8893d2076d484bb486e72ec2178e298ec/100-Original-JBL-T280-TWS-Wireless-Bluetooth-Earphone-Headphone-Sports-Earbuds-Bass-Jbl-Headphones-Headset-T280TWS.jpg_220x220xz.jpg,MAD,//ae01.alicdn.com/kf/H8893d2076d484bb486e72ec2178e298ec/100-Original-JBL-T280-TWS-Wireless-Bluetooth-Earphone-Headphone-Sports-Earbuds-Bass-Jbl-Headphones-Headset-T280TWS.jpg_220x220xz.jpg, ,229.42,3468 vendu(s),MAD 229.42,fr.aliexpress.com/item/1005003040945096.html,4.1, ,kpop Global Store,//fr.aliexpress.com/store/5083387,JBL ‚Äì √©couteurs sans fil Bluetooth T280 TWS. oreillettes de sport. casque d'√©coute. √©tui de chargement. 100% d'origine,,…couteurs et casques
https://ae01.alicdn.com/kf/S900aa5fb95194379acef3883310922e5G/Cartoon-tws-Wireless-5-0-Earphones-Earbuds-Sports-Handsfree-Earphone-Headset-Charging-Box-for-iPhone-Xiaomi.jpg_220x220xz.jpg,MAD,//ae01.alicdn.com/kf/S900aa5fb95194379acef3883310922e5G/Cartoon-tws-Wireless-5-0-Earphones-Earbuds-Sports-Handsfree-Earphone-Headset-Charging-Box-for-iPhone-Xiaomi.jpg_220x220xz.jpg, ,56.19,2 vendu(s),MAD 56.19,fr.aliexpress.com/item/1005004111443538.html, , ,heshuting Store,//fr.aliexpress.com/store/4501070,√âcouteurs sans fil tws 5.0. oreillettes de sport. mains libres. bo√Æte de chargement pour iPhone Xiaomi huawei Pho,,…couteurs et casques
https://ae01.alicdn.com/kf/H330a122df5034d6e9dc620fb7d0de4117/KZ-EDX-Crystal-Color-1DD-HIFI-Bass-Earbuds-In-Ear-Monitor-Headphones-Sport-Noise-Cancelling-Headset.jpg_220x220xz.jpg,MAD,//ae01.alicdn.com/kf/H330a122df5034d6e9dc620fb7d0de4117/KZ-EDX-Crystal-Color-1DD-HIFI-Bass-Earbuds-In-Ear-Monitor-Headphones-Sport-Noise-Cancelling-Headset.jpg_220x220xz.jpg, ,88.36,1204 vendu(s),MAD 88.36,fr.aliexpress.com/item/1005002642590957.html,4.9, ,Earphone Factory Derect Store,//fr.aliexpress.com/store/911658264,KZ ‚Äì √©couteurs intra-auriculaires EDX Crystal Color 1DD. basse HIFI. casque d'√©coute de Sport. suppression du bruit,,…couteurs et casques
https://ae01.alicdn.com/kf/Hdb0422f4171746f59c9668439568a81dB/KZ-EDX-Earphones-1-Dynamic-HIFI-Bass-Earbuds-In-Ear-Monitor-Headphones-Sport-Noise-Cancelling-Headset.jpg_220x220xz.jpg,MAD,//ae01.alicdn.com/kf/Hdb0422f4171746f59c9668439568a81dB/KZ-EDX-Earphones-1-Dynamic-HIFI-Bass-Earbuds-In-Ear-Monitor-Headphones-Sport-Noise-Cancelling-Headset.jpg_220x220xz.jpg, ,34.47,4375 vendu(s),MAD 34.47,fr.aliexpress.com/item/1005001407239762.html,4.8, ,KZ Official Store,//fr.aliexpress.com/store/1358152,KZ ‚Äì √©couteurs intra-auriculaires dynamiques. basse. hi-fi. oreillettes de Sport. stop-bruit. EDX. 1 pi√®ce,,…couteurs et casques
https://ae01.alicdn.com/kf/Scfd885eaf6134cabb9cd5fb0d68e84b2d/Original-Lenovo-LP40-Pro-TWS-Wireless-Earphones-Bluetooth-5-1-Sport-Noise-Reduction-Bass-Headphones-Touch.jpg_220x220xz.jpg,MAD,//ae01.alicdn.com/kf/Scfd885eaf6134cabb9cd5fb0d68e84b2d/Original-Lenovo-LP40-Pro-TWS-Wireless-Earphones-Bluetooth-5-1-Sport-Noise-Reduction-Bass-Headphones-Touch.jpg_220x220xz.jpg, ,120.24,117 vendu(s),MAD 120.24,fr.aliexpress.com/item/1005004105603200.html,5, ,Ruyun Store,//fr.aliexpress.com/store/5046073,Lenovo ‚Äì √©couteurs sans fil LP40 Pro TWS. Bluetooth 5.1. r√©duction du bruit. basse. commande tactile. 250mAH. originaux,,…couteurs et casques
https://ae01.alicdn.com/kf/S6ab3e5774bdf468d85b7753c1c917dddu/COWIN-E7-Upgraded-Active-Noise-Cancelling-Headphone-Wireless-Bluetooth-Headset-with-Microphone-Deep-Bass-Bluetooth-Headphones.jpg_220x220xz.jpg,MAD,//ae01.alicdn.com/kf/S6ab3e5774bdf468d85b7753c1c917dddu/COWIN-E7-Upgraded-Active-Noise-Cancelling-Headphone-Wireless-Bluetooth-Headset-with-Microphone-Deep-Bass-Bluetooth-Headphones.jpg_220x220xz.jpg, ,602.79,536 vendu(s),MAD 602.79,fr.aliexpress.com/item/4001247914788.html,4.8, ,cowin Official Store,//fr.aliexpress.com/store/2344011,COWIN E7 ‚Äì E7 Casque antibruit actif Casque Bluetooth avec microphone Casque sans fil √† basses profondes sur l'oreille. coussinets prot√©in√©s confortables. 30 heures de lecture pour les voyages,,…couteurs et casques
https://ae01.alicdn.com/kf/Sc341421aae13459b955cf6d36c4071226/TWS-Wireless-Earphone-Bluetooth-Headphone-5-1-Dual-Stereo-Noise-Reduction-Sport-Bass-Touch-Control-Headset.jpg_220x220xz.jpg,MAD,//ae01.alicdn.com/kf/Sc341421aae13459b955cf6d36c4071226/TWS-Wireless-Earphone-Bluetooth-Headphone-5-1-Dual-Stereo-Noise-Reduction-Sport-Bass-Touch-Control-Headset.jpg_220x220xz.jpg, ,10.76,1892 vendu(s),MAD 10.76,fr.aliexpress.com/item/1005004227459634.html,4.9, ,New Technology Headphones Store,//fr.aliexpress.com/store/1102059194,√âcouteurs sans fil TWS Bluetooth 5.1. casque d'√©coute. double st√©r√©o. r√©duction de bruit. Sport. basse. commande tactile. longue dur√©e de veille. 3000mAH,,…couteurs et casques
https://ae01.alicdn.com/kf/Scb0fda6c60fe465aa7103e69831e3098c/New-Original-Bluetooth-Earphone-Wireless-Headphones-Tws-Headset-Sports-In-Ear-Stereo-Earbuds-Waterproof-Noise-Reduction.jpg_220x220xz.jpg,MAD,//ae01.alicdn.com/kf/Scb0fda6c60fe465aa7103e69831e3098c/New-Original-Bluetooth-Earphone-Wireless-Headphones-Tws-Headset-Sports-In-Ear-Stereo-Earbuds-Waterproof-Noise-Reduction.jpg_220x220xz.jpg, ,0.09,7331 vendu(s),MAD 0.09,fr.aliexpress.com/item/1005004158703416.html,4.6, ,Global Headphones Store,//fr.aliexpress.com/store/1100251014,√âcouteurs intra-auriculaires sans fil Bluetooth Tws. oreillettes de sport st√©r√©o. √©tanche. r√©duction de bruit. micro HD. nouvelle collection,,…couteurs et casques
https://ae01.alicdn.com/kf/S65beedec98aa4a90bc8e366f55c8b5600/HYGAMOCC-Bluetooth-Earphones-V5-1-TWS-Wireless-Headphones-Stereo-Headset-Touch-Control-Earbuds-Waterproof-Noise-Reduction.jpg_220x220xz.jpg,MAD,//ae01.alicdn.com/kf/S65beedec98aa4a90bc8e366f55c8b5600/HYGAMOCC-Bluetooth-Earphones-V5-1-TWS-Wireless-Headphones-Stereo-Headset-Touch-Control-Earbuds-Waterproof-Noise-Reduction.jpg_220x220xz.jpg, ,10.76,4772 vendu(s),MAD 10.76,fr.aliexpress.com/item/1005004110244330.html,4.6, ,Global Headphones Store,//fr.aliexpress.com/store/1100251014,HYGAMOCC ‚Äì √©couteurs sans fil Bluetooth V5.1 TWS. casque st√©r√©o. commande tactile. oreillettes. r√©duction de bruit √©tanche. micro HD,,…couteurs et casques
https://ae01.alicdn.com/kf/S8ff1b0c0677c4fd0838185829a227a9f3/Pro-4-TWS-Bluetooth-5-0-Earphones-Wireless-Headphones-Hi-Fi-Stereo-Headset-Mini-In-Ear.jpg_220x220xz.jpg,MAD,//ae01.alicdn.com/kf/S8ff1b0c0677c4fd0838185829a227a9f3/Pro-4-TWS-Bluetooth-5-0-Earphones-Wireless-Headphones-Hi-Fi-Stereo-Headset-Mini-In-Ear.jpg_220x220xz.jpg, ,60.67,2659 vendu(s),MAD 60.67,fr.aliexpress.com/item/1005003919991849.html,4.7, ,Shop1100139440 Store,//fr.aliexpress.com/store/1100139440,√âcouteurs intra-auriculaires sans fil Bluetooth 5.0 TWS Pro 4. casque d'√©coute st√©r√©o Hi-Fi pour Smartphones,,…couteurs et casques
https://ae01.alicdn.com/kf/S8b07f920fcd2484c81e515ac9522ac67r/1-PCS-Portable-Sport-8-Colors-Earphone-Wired-Super-Bass-With-Built-in-Microphone-3-5mm.jpg_220x220xz.jpg,MAD,//ae01.alicdn.com/kf/S8b07f920fcd2484c81e515ac9522ac67r/1-PCS-Portable-Sport-8-Colors-Earphone-Wired-Super-Bass-With-Built-in-Microphone-3-5mm.jpg_220x220xz.jpg, ,17.33,245 vendu(s),MAD 17.33,fr.aliexpress.com/item/1005004159268389.html,5, ,meakene Store,//fr.aliexpress.com/store/912408973,√âcouteurs filaires intra-auriculaires avec Microphone int√©gr√©. 8 couleurs. mains libres. pour Smartphones. 1 pi√®ce. 3.5mm,,…couteurs et casques
https://ae01.alicdn.com/kf/S22f0c85a833a4d7896a6302c0f8517a3S/Bluetooth-Earphone-Wireless-Earbud-Noise-Cancelling-Headset-With-Microphone-Headphone-Sports-Waterproof-Charging-Box-Wirele.png_220x220xz.png,MAD,//ae01.alicdn.com/kf/S22f0c85a833a4d7896a6302c0f8517a3S/Bluetooth-Earphone-Wireless-Earbud-Noise-Cancelling-Headset-With-Microphone-Headphone-Sports-Waterproof-Charging-Box-Wirele.png_220x220xz.png, ,47.52,1449 vendu(s),MAD 47.52,fr.aliexpress.com/item/1005004109864441.html,4.9, ,New High-end Digital Store,//fr.aliexpress.com/store/912681932,Oreillettes sans fil Bluetooth. antibruit. casque avec Microphone. √©couteurs de sport. bo√Æte de charge √©tanche,,…couteurs et casques
https://ae01.alicdn.com/kf/S9b8403947f894da4bb18b27f9b765d43g/Wireless-Bluetooth-Headphone-TWS-Earphone-HiFi-Stereo-Noise-Reduction-Headset-Sport-Earbuds-Microphone-With-3000mAh-Charging.jpg_220x220xz.jpg,MAD,//ae01.alicdn.com/kf/S9b8403947f894da4bb18b27f9b765d43g/Wireless-Bluetooth-Headphone-TWS-Earphone-HiFi-Stereo-Noise-Reduction-Headset-Sport-Earbuds-Microphone-With-3000mAh-Charging.jpg_220x220xz.jpg, ,0.1,1298 vendu(s),MAD 0.10,fr.aliexpress.com/item/1005003634994884.html,4.6, ,Upmarket Earphone Store,//fr.aliexpress.com/store/3081052,√âcouteurs sans fil Bluetooth TWS. casque d'√©coute HiFi st√©r√©o. r√©duction du bruit. oreillettes de Sport. Microphone avec bo√Æte de charge 3000mAh,,…couteurs et casques
https://ae01.alicdn.com/kf/S59f151da035844e790f4d59aa268bf70Q/TWS-Bluetooth-Earphone-Wireless-5-0-Headphone-With-Microphone-9D-Stereo-Gaming-Sport-Waterproof-Earbuds-Headsets.png_220x220xz.png,MAD,//ae01.alicdn.com/kf/S59f151da035844e790f4d59aa268bf70Q/TWS-Bluetooth-Earphone-Wireless-5-0-Headphone-With-Microphone-9D-Stereo-Gaming-Sport-Waterproof-Earbuds-Headsets.png_220x220xz.png, ,36.36,157 vendu(s),MAD 36.36,fr.aliexpress.com/item/1005004252280983.html, , ,New Technology Headphones Store,//fr.aliexpress.com/store/1102059194,√âcouteurs sans fil Bluetooth 5.0 TWS. casque d'√©coute avec Microphone. st√©r√©o 9D. oreillettes de Sport. √©tanches. commande tactile,,…couteurs et casques
https://ae01.alicdn.com/kf/S1674c6d83daf4d3dacf9fdb3ec91dc94a/Air-Pro-6-TWS-Wireless-Headphones-with-Mic-Fone-Bluetooth-Earphones-Sport-Running-Earpiece-for-Apple.jpg_220x220xz.jpg,MAD,//ae01.alicdn.com/kf/S1674c6d83daf4d3dacf9fdb3ec91dc94a/Air-Pro-6-TWS-Wireless-Headphones-with-Mic-Fone-Bluetooth-Earphones-Sport-Running-Earpiece-for-Apple.jpg_220x220xz.jpg, ,4.28,59 vendu(s),MAD 4.28,fr.aliexpress.com/item/1005004208192513.html,5, ,Shop911531071 Store,//fr.aliexpress.com/store/911531071,√âcouteurs sans fil Air Pro 6 TWS avec micro Fone Bluetooth. oreillettes de Sport pour Apple iPhone Xiaomi Pro6,,…couteurs et casques
https://ae01.alicdn.com/kf/Scc29f94512a744cdbb2ba3da81852df7Y/NEW-Bluetooth-Earphone-Wireless-Headphones-Tws-Stereo-Headset-Bass-Music-Earbuds-Waterproof-Sports-Noise-HD-Mic.jpg_220x220xz.jpg,MAD,//ae01.alicdn.com/kf/Scc29f94512a744cdbb2ba3da81852df7Y/NEW-Bluetooth-Earphone-Wireless-Headphones-Tws-Stereo-Headset-Bass-Music-Earbuds-Waterproof-Sports-Noise-HD-Mic.jpg_220x220xz.jpg, ,33.17,11323 vendu(s),MAD 33.17,fr.aliexpress.com/item/1005004155689764.html,4.5, ,Global Headphones Store,//fr.aliexpress.com/store/1100251014,√âcouteurs sans fil Bluetooth Tws. casque st√©r√©o. basse. musique. oreillettes de sport. √©tanche. bruit. micro HD. pour t√©l√©phone intelligent. nouveau,,…couteurs et casques
https://ae01.alicdn.com/kf/S058717154b244a71ac3d3b40dbebb7fc7/TWS-Bluetooth-Earphones-HiFi-Stereo-5-0-Wireless-EarphonesIn-ear-Handsfree-Headset-Earbuds-With-Charging-Box.jpg_220x220xz.jpg,MAD,//ae01.alicdn.com/kf/S058717154b244a71ac3d3b40dbebb7fc7/TWS-Bluetooth-Earphones-HiFi-Stereo-5-0-Wireless-EarphonesIn-ear-Handsfree-Headset-Earbuds-With-Charging-Box.jpg_220x220xz.jpg, ,9.96,2813 vendu(s),MAD 9.96,fr.aliexpress.com/item/1005004177145185.html,4.7, ,Nice headphones Store,//fr.aliexpress.com/store/1100387231,√âcouteurs sans fil Bluetooth 5.0 TWS. st√©r√©o. intra-auriculaires. mains libres. avec bo√Æte de chargement. pour Smartphone,,…couteurs et casques
https://ae01.alicdn.com/kf/S487f7e6b391f4c36a28a8b16f02fb7836/TWS-Earphone-Wireless-Bluetooth-5-0-Charging-Box-3000mAh-Headphone-Sports-Waterproof-In-Ear-HiFi-Stereo.jpg_220x220xz.jpg,MAD,//ae01.alicdn.com/kf/S487f7e6b391f4c36a28a8b16f02fb7836/TWS-Earphone-Wireless-Bluetooth-5-0-Charging-Box-3000mAh-Headphone-Sports-Waterproof-In-Ear-HiFi-Stereo.jpg_220x220xz.jpg, ,35.96,1633 vendu(s),MAD 35.96,fr.aliexpress.com/item/1005003669946168.html,4.3, ,New High-end Digital Store,//fr.aliexpress.com/store/912681932,√âcouteurs sans fil Bluetooth 5.0 TWS. oreillettes de sport. 3000mAh. √©tanches. intra-auriculaires. HiFi. st√©r√©o. avec micro,,…couteurs et casques
https://ae01.alicdn.com/kf/S12be4f7db1a944b7b409f6c53bf0062bP/TWS-Bluetooth-Earphone-Wireless-Headphones-In-Ear-Earbuds-Waterproof-Stereo-Sports-Noise-Mini-Headset-HD-Mic.jpg_220x220xz.jpg,MAD,//ae01.alicdn.com/kf/S12be4f7db1a944b7b409f6c53bf0062bP/TWS-Bluetooth-Earphone-Wireless-Headphones-In-Ear-Earbuds-Waterproof-Stereo-Sports-Noise-Mini-Headset-HD-Mic.jpg_220x220xz.jpg, ,0.1,1985 vendu(s),MAD 0.10,fr.aliexpress.com/item/1005004035488304.html,4.6, ,Global Headphones Store,//fr.aliexpress.com/store/1100251014,√âcouteurs sans fil Bluetooth TWS. oreillettes intra-auriculaires. st√©r√©o √©tanche. Mini casque de sport. bruit. micro HD. pour t√©l√©phone intelligent,,…couteurs et casques
https://ae01.alicdn.com/kf/Sbe2d98f11ad640e294327950987b2598o/A6Lite-TWS-Earphones-Wireless-Bluetooth-Headphones-Waterproof-Sport-Headset-Noise-Reduction-Earbuds-with-Mic-For-Smartphones.jpg_220x220xz.jpg,MAD,//ae01.alicdn.com/kf/Sbe2d98f11ad640e294327950987b2598o/A6Lite-TWS-Earphones-Wireless-Bluetooth-Headphones-Waterproof-Sport-Headset-Noise-Reduction-Earbuds-with-Mic-For-Smartphones.jpg_220x220xz.jpg, ,58.18,1334 vendu(s),MAD 58.18,fr.aliexpress.com/item/1005003718141292.html,4.5, ,Shop5507087 Store,//fr.aliexpress.com/store/5507087,√âcouteurs sans fil Bluetooth A6Lite TWS. casque d'√©coute √©tanche. r√©duction du bruit. oreillettes avec micro pour Smartphones,,…couteurs et casques
https://ae01.alicdn.com/kf/S3336c0fb15054270bf113b8718b936caM/Wired-Headphones-Stereo-Bass-Gamer-Earphones-Gaming-Earphone-with-Microphone-Sweatproof-Sports-Haedset-For-Mobile-Phone.jpg_220x220xz.jpg,MAD,//ae01.alicdn.com/kf/S3336c0fb15054270bf113b8718b936caM/Wired-Headphones-Stereo-Bass-Gamer-Earphones-Gaming-Earphone-with-Microphone-Sweatproof-Sports-Haedset-For-Mobile-Phone.jpg_220x220xz.jpg, ,41.74,2356 vendu(s),MAD 41.74,fr.aliexpress.com/item/1005003246602514.html,4.7, ,Shop911610185 Store,//fr.aliexpress.com/store/911610185,√âcouteurs filaires st√©r√©o basse pour Gamer. oreillettes de jeu avec Microphone. r√©sistantes √† la sueur. pour t√©l√©phone portable et ordinateur,,…couteurs et casques
https://ae01.alicdn.com/kf/Scf85ceb93f59444b9d7f7e684aece2feR/Wireless-Bluetooth-Earphones-Magnetic-Sports-Running-Headset-IPX5-Waterproof-Sport-HD-Earbuds-Noise-Reduction-Headphone-with.jpg_220x220xz.jpg,MAD,//ae01.alicdn.com/kf/Scf85ceb93f59444b9d7f7e684aece2feR/Wireless-Bluetooth-Earphones-Magnetic-Sports-Running-Headset-IPX5-Waterproof-Sport-HD-Earbuds-Noise-Reduction-Headphone-with.jpg_220x220xz.jpg, ,48.51,742 vendu(s),MAD 48.51,fr.aliexpress.com/item/32895268354.html,4.7, ,Upmarket Earphone Store,//fr.aliexpress.com/store/3081052,√âcouteurs magn√©tiques sans fil Bluetooth. casque d'√©coute pour le Sport. la course. √©tanche IPX5. HD. r√©duction du bruit. avec micro,,…couteurs et casques
https://ae01.alicdn.com/kf/S567dad7c12454c939b22669355e4cdaeK/TWS-A6Lite-Bluetooth-Headphones-Headset-Wireless-Earphones-HD-Voice-HiFi-Stereo-Sport-Mini-Earbuds-For-Smartphone.jpg_220x220xz.jpg,MAD,//ae01.alicdn.com/kf/S567dad7c12454c939b22669355e4cdaeK/TWS-A6Lite-Bluetooth-Headphones-Headset-Wireless-Earphones-HD-Voice-HiFi-Stereo-Sport-Mini-Earbuds-For-Smartphone.jpg_220x220xz.jpg, ,56.98,431 vendu(s),MAD 56.98,fr.aliexpress.com/item/1005003658429230.html,4.8, ,Shop5507087 Store,//fr.aliexpress.com/store/5507087,√âcouteurs sans fil Bluetooth TWS A6Lite. Mini oreillettes de Sport. pour Smartphone iPhone Xiaomi,,…couteurs et casques
https://ae01.alicdn.com/kf/Sa1b7c93839764ac3a05f88f79a6fb488T/Y50-TWS-Wireless-Headphones-Bluetooth-5-0-Earphones-Noise-Reduction-Headset-HIFI-Stereo-Airbuds-Sports-Earbuds.jpg_220x220xz.jpg,MAD,//ae01.alicdn.com/kf/Sa1b7c93839764ac3a05f88f79a6fb488T/Y50-TWS-Wireless-Headphones-Bluetooth-5-0-Earphones-Noise-Reduction-Headset-HIFI-Stereo-Airbuds-Sports-Earbuds.jpg_220x220xz.jpg, ,53.3,2958 vendu(s),MAD 53.30,fr.aliexpress.com/item/1005003528154335.html,4.6, ,Shop911610185 Store,//fr.aliexpress.com/store/911610185,√âcouteurs sans fil Bluetooth 5.0 TWS Y50. oreillettes de sport. stop-bruit. hi-fi. st√©r√©o. pour Smartphones,,…couteurs et casques
https://ae01.alicdn.com/kf/S83cba429f2ec4cbeb93803cfee45edbdU/Mini-Invisible-Ture-Wireless-Earphone-Noise-Cancelling-Bluetooth-Headphone-Handsfree-Stereo-Headset-TWS-Earbud-With-Microphone.jpg_220x220xz.jpg,MAD,//ae01.alicdn.com/kf/S83cba429f2ec4cbeb93803cfee45edbdU/Mini-Invisible-Ture-Wireless-Earphone-Noise-Cancelling-Bluetooth-Headphone-Handsfree-Stereo-Headset-TWS-Earbud-With-Microphone.jpg_220x220xz.jpg, ,0.1,575 vendu(s),MAD 0.10,fr.aliexpress.com/item/1005003835340015.html,5, ,HATOSTEPED Security Store,//fr.aliexpress.com/store/3620001,Mini √©couteurs Bluetooth TWS invisibles. oreillettes sans fil. stop-bruit. mains libres. st√©r√©o. avec Microphone,,…couteurs et casques
https://ae01.alicdn.com/kf/S15af08f224c9470cad3d01cbeacc9761B/Mini2-TWS-Wireless-Bluetooth-Earphones-Mini-Macaron-Earbuds-Sport-Handsfree-Headsets-With-Mic-Charging-Box-For.jpg_220x220xz.jpg,MAD,//ae01.alicdn.com/kf/S15af08f224c9470cad3d01cbeacc9761B/Mini2-TWS-Wireless-Bluetooth-Earphones-Mini-Macaron-Earbuds-Sport-Handsfree-Headsets-With-Mic-Charging-Box-For.jpg_220x220xz.jpg, ,60.67,1371 vendu(s),MAD 60.67,fr.aliexpress.com/item/1005003192302228.html,4.7, ,Ai intelligent Tech Store,//fr.aliexpress.com/store/911941319,Oreillettes sans fil Bluetooth Mini2 TWS. Mini oreillettes Macaron. Sport. mains libres. avec bo√Æte de chargement. micro. pour iPhone Xiaomi,,…couteurs et casques
https://ae01.alicdn.com/kf/S825ed28a870940918f3a3fc318e33b9f3/A6S-Bluetooth-EarphoneWireless-Headphone-Stereo-Headset-sportEarbuds-microphone-with-charging-box-for-every-smartphone.jpg_220x220xz.jpg,MAD,//ae01.alicdn.com/kf/S825ed28a870940918f3a3fc318e33b9f3/A6S-Bluetooth-EarphoneWireless-Headphone-Stereo-Headset-sportEarbuds-microphone-with-charging-box-for-every-smartphone.jpg_220x220xz.jpg, ,59.37,35 vendu(s),MAD 59.37,fr.aliexpress.com/item/1005003636189133.html,4.7, ,Shop911531071 Store,//fr.aliexpress.com/store/911531071,√âcouteurs Bluetooth A6S. casque d'√©coute st√©r√©o. oreillettes de sport. microphone. avec bo√Æte de chargement. pour tous les smartphones,,…couteurs et casques
https://ae01.alicdn.com/kf/Sce2e050e35614116ac94fe1adc20db71K/Wired-Headphones-Gaming-Earphones-with-Microphone-Stereo-Bass-Gamer-Earphones-Sports-Haedset-For-Mobile-Phone-Computer.jpg_220x220xz.jpg,MAD,//ae01.alicdn.com/kf/Sce2e050e35614116ac94fe1adc20db71K/Wired-Headphones-Gaming-Earphones-with-Microphone-Stereo-Bass-Gamer-Earphones-Sports-Haedset-For-Mobile-Phone-Computer.jpg_220x220xz.jpg, ,46.02,357 vendu(s),MAD 46.02,fr.aliexpress.com/item/1005003654357240.html,4.8, ,Shop911610185 Store,//fr.aliexpress.com/store/911610185,√âcouteurs de jeu filaires avec Microphone. oreillettes de sport. basse st√©r√©o. pour t√©l√©phone portable. ordinateur,,…couteurs et casques
https://ae01.alicdn.com/kf/S9d038627c04b4c209a6031867632b0ac3/TWS-Earphones-Wireless-Bluetooth-Headphone-V5-0-3000mAh-Charging-Box-9D-HiFi-Stereo-Sports-Waterproof-Earbuds.jpg_220x220xz.jpg,MAD,//ae01.alicdn.com/kf/S9d038627c04b4c209a6031867632b0ac3/TWS-Earphones-Wireless-Bluetooth-Headphone-V5-0-3000mAh-Charging-Box-9D-HiFi-Stereo-Sports-Waterproof-Earbuds.jpg_220x220xz.jpg, ,72.82,4948 vendu(s),MAD 72.82,fr.aliexpress.com/item/1005003579537527.html,4.5, ,Upmarket Earphone Store,//fr.aliexpress.com/store/3081052,√âcouteurs sans fil Bluetooth V5.0 TWS. oreillettes √©tanches avec bo√Æte de charge 3000mAh 9D HiFi st√©r√©o pour sport,,…couteurs et casques
https://ae01.alicdn.com/kf/S31aae79a754c499eb4dc791fea52d4ef1/TWS-Pro4-Bluetooth-Earphones-Wireless-Headphones-Mini-Sports-Headset-Earbuds-Music-Earpieces-For-iPhone-Xiaomi-Huawei.jpg_220x220xz.jpg,MAD,//ae01.alicdn.com/kf/S31aae79a754c499eb4dc791fea52d4ef1/TWS-Pro4-Bluetooth-Earphones-Wireless-Headphones-Mini-Sports-Headset-Earbuds-Music-Earpieces-For-iPhone-Xiaomi-Huawei.jpg_220x220xz.jpg, ,54.59,2357 vendu(s),MAD 54.59,fr.aliexpress.com/item/1005003077412570.html,4.6, ,Shop5507087 Store,//fr.aliexpress.com/store/5507087,√âcouteurs sans fil Bluetooth TWS Pro4. Mini casque de sport. oreillettes de musique. pour iPhone Xiaomi Huawei Redmi,,…couteurs et casques
https://ae01.alicdn.com/kf/H83239a0a334745f2943a8bc7f80ba211V/Subwoofer-Wired-Gaming-Headset-Hifi-Sound-Quality-Foldable-Portable-3-5mm-Plug-Suitable-For-Pc-Game.jpg_220x220xz.jpg,MAD,//ae01.alicdn.com/kf/H83239a0a334745f2943a8bc7f80ba211V/Subwoofer-Wired-Gaming-Headset-Hifi-Sound-Quality-Foldable-Portable-3-5mm-Plug-Suitable-For-Pc-Game.jpg_220x220xz.jpg, ,44.43,1327 vendu(s),MAD 44.43,fr.aliexpress.com/item/1005001620104806.html,4.4, ,BL Global Dropshipping Store,//fr.aliexpress.com/store/910792008,Casque de jeu filaire Hifi avec caisson de basses. qualit√© sonore. pliable. Portable. prise 3.5mm. adapt√© aux Pc et √† la r√©ception de jeux sur tous les Smartphones,,…couteurs et casques
https://ae01.alicdn.com/kf/Sd5aba019d96043e9a80e958e61e68e29Z/pro3-TWS-Wireless-Headphones-5-0-Bluetooth-Earphones-Sports-Earbuds-Waterproof-Earphones-for-Iphone-Huawei-Xiaomi.jpg_220x220xz.jpg,MAD,//ae01.alicdn.com/kf/Sd5aba019d96043e9a80e958e61e68e29Z/pro3-TWS-Wireless-Headphones-5-0-Bluetooth-Earphones-Sports-Earbuds-Waterproof-Earphones-for-Iphone-Huawei-Xiaomi.jpg_220x220xz.jpg, ,55.99,1048 vendu(s),MAD 55.99,fr.aliexpress.com/item/1005004021988410.html,4.9, ,Big Lion Store,//fr.aliexpress.com/store/1100025019,Pro3 ‚Äì √©couteurs sans fil Bluetooth 5.0 TWS. oreillettes de sport. √©tanches. pour Smartphones Iphone Huawei Xiaomi,,…couteurs et casques
https://ae01.alicdn.com/kf/Sbe603515735c48a297477173f2a5badaM/A6Lite-TWS-Bluetooth-Earphones-Wireless-Headphones-In-Ear-Earbuds-With-Mic-HD-Call-Sports-Headset-For.jpg_220x220xz.jpg,MAD,//ae01.alicdn.com/kf/Sbe603515735c48a297477173f2a5badaM/A6Lite-TWS-Bluetooth-Earphones-Wireless-Headphones-In-Ear-Earbuds-With-Mic-HD-Call-Sports-Headset-For.jpg_220x220xz.jpg, ,7.17,32 vendu(s),MAD 7.17,fr.aliexpress.com/item/1005003904233042.html,5, ,Shop1100148483 Store,//fr.aliexpress.com/store/1100148483,√âcouteurs sans fil Bluetooth A6Lite TWS. oreillettes avec micro. appel HD. casque de sport pour Smartphones iPhone Xiaomi,,…couteurs et casques
https://ae01.alicdn.com/kf/S7f1077c972a7478e9c3b1e65b55d3069l/2021-Invisible-Ture-Wireless-Earphone-Noise-Cancelling-Bluetooth-Headphone-Handsfree-Stereo-Headset-TWS-Earbud-With-Microphone.jpg_220x220xz.jpg,MAD,//ae01.alicdn.com/kf/S7f1077c972a7478e9c3b1e65b55d3069l/2021-Invisible-Ture-Wireless-Earphone-Noise-Cancelling-Bluetooth-Headphone-Handsfree-Stereo-Headset-TWS-Earbud-With-Microphone.jpg_220x220xz.jpg, ,39.35,1746 vendu(s),MAD 39.35,fr.aliexpress.com/item/1005002631520379.html,4.3, ,wo de dian Store,//fr.aliexpress.com/store/911965068,√âcouteurs sans fil Bluetooth TWS. casque d'√©coute Invisible. mains libres. avec Microphone. 2021,,…couteurs et casques
https://ae01.alicdn.com/kf/Hc7e2323e702e46a3baea0dba0ead8276e/2021-Earphones-Wired-In-Ear-3-5mm-For-Computer-Phone-Samsung-Xiaomi-Earbuds-Dual-Drive-Stereo.jpg_220x220xz.jpg,MAD,//ae01.alicdn.com/kf/Hc7e2323e702e46a3baea0dba0ead8276e/2021-Earphones-Wired-In-Ear-3-5mm-For-Computer-Phone-Samsung-Xiaomi-Earbuds-Dual-Drive-Stereo.jpg_220x220xz.jpg, ,0.1,1098 vendu(s),MAD 0.10,fr.aliexpress.com/item/1005003495941148.html,4.5, ,SGBEP Official Store,//fr.aliexpress.com/store/5409012,√âcouteurs filaires intra-auriculaires 2021mm. pour t√©l√©phone d'ordinateur. Samsung. Xiaomi. oreillettes √† double entra√Ænement. st√©r√©o. casque de Sport. musique. mains libres. 3.5,,…couteurs et casques
https://ae01.alicdn.com/kf/S527dfb4fb7f340ad9d79bb8426fa2220G/Magnetic-Wireless-Bluetooth-Earphones-XT11-Music-Headset-Phone-Neckband-Sport-Earbuds-Earphone-with-Mic-For-iPhone.jpg_220x220xz.jpg,MAD,//ae01.alicdn.com/kf/S527dfb4fb7f340ad9d79bb8426fa2220G/Magnetic-Wireless-Bluetooth-Earphones-XT11-Music-Headset-Phone-Neckband-Sport-Earbuds-Earphone-with-Mic-For-iPhone.jpg_220x220xz.jpg, ,36.76,846 vendu(s),MAD 36.76,fr.aliexpress.com/item/1005003573800437.html,4.6, ,Minor Part Store,//fr.aliexpress.com/store/911911126,√âcouteurs magn√©tiques sans fil bluetooth. casque musical. de t√©l√©phone. bandeau d'oreillettes de sport. avec microphone. pour iPhone samsung xiaomi. XT11,,…couteurs et casques
https://ae01.alicdn.com/kf/S4fe83e8f97fd4859beef83e174ec1c5cj/AIRVOLT-Y50-TWS-Wireless-Headphones-for-Smartphone-Bluetooth-Earphone-Stereo-Headset-Samsung-Sport-Earbuds-Microphone-iPhone.jpg_220x220xz.jpg,MAD,//ae01.alicdn.com/kf/S4fe83e8f97fd4859beef83e174ec1c5cj/AIRVOLT-Y50-TWS-Wireless-Headphones-for-Smartphone-Bluetooth-Earphone-Stereo-Headset-Samsung-Sport-Earbuds-Microphone-iPhone.jpg_220x220xz.jpg, ,49.71,1121 vendu(s),MAD 49.71,fr.aliexpress.com/item/1005003382756336.html,4.6, ,AIRVOLT Official Store,//fr.aliexpress.com/store/910565119,√âcouteurs sans fil Bluetooth Y50 TWS. pour Smartphone. oreillettes st√©r√©o. Samsung Sport. Microphone. iPhone,,…couteurs et casques
https://ae01.alicdn.com/kf/H3364086ecf3c4c2e876c531c4f9f60a7n/Air-Pro-6-TWS-Wireless-Headphones-With-Mic-Tws-fone-Bluetooth-Earphone-Earbuds-Sport-Running-Earpiece.jpg_220x220xz.jpg,MAD,//ae01.alicdn.com/kf/H3364086ecf3c4c2e876c531c4f9f60a7n/Air-Pro-6-TWS-Wireless-Headphones-With-Mic-Tws-fone-Bluetooth-Earphone-Earbuds-Sport-Running-Earpiece.jpg_220x220xz.jpg, ,66.35,1234 vendu(s),MAD 66.35,fr.aliexpress.com/item/1005002628818107.html,4.3, ,Jiabosi Store,//fr.aliexpress.com/store/2066153,√âcouteurs sans fil Bluetooth Air Pro 6 TWS. oreillettes de Sport. de course. avec micro. pour Apple iPhone Xiaomi,,…couteurs et casques
https://ae01.alicdn.com/kf/Saaa204e8f8cc4c9c97a540d90b4d4177G/Bluetooth-Headset-TWS-Wireless-Mini-Noise-Reduction-with-Digital-Display-in-Ear-Tg04-E-Sports-Game.jpg_220x220xz.jpg,MAD,//ae01.alicdn.com/kf/Saaa204e8f8cc4c9c97a540d90b4d4177G/Bluetooth-Headset-TWS-Wireless-Mini-Noise-Reduction-with-Digital-Display-in-Ear-Tg04-E-Sports-Game.jpg_220x220xz.jpg, ,149.93,740 vendu(s),MAD 149.93,fr.aliexpress.com/item/1005003623739121.html,4.4, ,Factory Direct Collected Store,//fr.aliexpress.com/store/5379102,√âcouteurs intra-auriculaires sans fil Bluetooth TWS Tg04. Mini r√©duction de bruit. avec affichage num√©rique. casque de Sport et de jeu √©lectronique,,…couteurs et casques
https://ae01.alicdn.com/kf/S34b160e08bf043be906daa9c22ae3e09Y/Wireless-Earphones-Wireless-Bluetooth-Headphones-Fone-de-ouvido-Music-Headset-Gaming-Handsfree-for-iphone-Huawei-Ear.jpg_220x220xz.jpg,MAD,//ae01.alicdn.com/kf/S34b160e08bf043be906daa9c22ae3e09Y/Wireless-Earphones-Wireless-Bluetooth-Headphones-Fone-de-ouvido-Music-Headset-Gaming-Handsfree-for-iphone-Huawei-Ear.jpg_220x220xz.jpg, ,39.45,102 vendu(s),MAD 39.45,fr.aliexpress.com/item/1005003766382937.html,4.7, ,3CC direct sales Store,//fr.aliexpress.com/store/912721336,Casque d'√âcoute de Musique. de Jeu en Mains Libres pour iphone et Huawei. √âcouteurs sans Fil avec Bluetooth,,…couteurs et casques
https://ae01.alicdn.com/kf/S457a29592b284ad2bf7996773aceff57U/JFWEM-Y30-TWS-5-0-Bluetooth-Headphones-Wireless-for-Smartphone-Earbuds-Stereo-Gaming-Headset-With-Charging.jpg_220x220xz.jpg,MAD,//ae01.alicdn.com/kf/S457a29592b284ad2bf7996773aceff57U/JFWEM-Y30-TWS-5-0-Bluetooth-Headphones-Wireless-for-Smartphone-Earbuds-Stereo-Gaming-Headset-With-Charging.jpg_220x220xz.jpg, ,45.33,107 vendu(s),MAD 45.33,fr.aliexpress.com/item/1005003899760248.html,4.7, ,JFWEN EF Official Store,//fr.aliexpress.com/store/911777865,JFWEM ‚Äì √©couteurs sans fil Bluetooth 5.0 Y30 TWS. oreillettes pour Smartphone. casque de jeu st√©r√©o avec bo√Æte de chargement,,…couteurs et casques
https://ae01.alicdn.com/kf/Ha25edee456d14488afc689bb98e8fd0bY/Air-i11-Pro-Bluetooth-5-0-TWS-Earphones-Charging-Box-Wireless-Headphone-Stereo-Sports-Handfree-Earbuds.jpg_220x220xz.jpg,MAD,//ae01.alicdn.com/kf/Ha25edee456d14488afc689bb98e8fd0bY/Air-i11-Pro-Bluetooth-5-0-TWS-Earphones-Charging-Box-Wireless-Headphone-Stereo-Sports-Handfree-Earbuds.jpg_220x220xz.jpg, ,69.14,339 vendu(s),MAD 69.14,fr.aliexpress.com/item/1005001834764473.html,4.4, ,Jiabosi Store,//fr.aliexpress.com/store/2066153,√âcouteurs sans fil Bluetooth 5.0 TWS Air i11 Pro. oreillettes de sport. st√©r√©o. mains libres. avec Microphone. bo√Æte de charge,,…couteurs et casques
https://ae01.alicdn.com/kf/S3614a3fd72f74850b2a3b678292097f8w/Cross-Border-Private-Model-M10-Bluetooth-Headset-True-Wireless-Tws5-1-Mini-Touch-Sports-Waterproof-F9.jpg_220x220xz.jpg,MAD,//ae01.alicdn.com/kf/S3614a3fd72f74850b2a3b678292097f8w/Cross-Border-Private-Model-M10-Bluetooth-Headset-True-Wireless-Tws5-1-Mini-Touch-Sports-Waterproof-F9.jpg_220x220xz.jpg, ,201.33,134 vendu(s),MAD 201.33,fr.aliexpress.com/item/1005003732909668.html,4.7, ,Manufacturer Direct Store,//fr.aliexpress.com/store/5261042,Casque d'√©coute sans fil Bluetooth F9-5C M28m18. Tws5.1. Mini Touch. √©tanche. mod√®le priv√© transfrontali√®re M10,,…couteurs et casques
https://ae01.alicdn.com/kf/S5adcf839bc64435f88e8ee47945f83b31/i7s-mini-Tws-Wireless-Headphones-Bluetooth-Earphones-For-iPhone-Huawei-Xiaomi-Redmi-Sports-Earbuds-Stereo-In.jpg_220x220xz.jpg,MAD,//ae01.alicdn.com/kf/S5adcf839bc64435f88e8ee47945f83b31/i7s-mini-Tws-Wireless-Headphones-Bluetooth-Earphones-For-iPhone-Huawei-Xiaomi-Redmi-Sports-Earbuds-Stereo-In.jpg_220x220xz.jpg, ,51.8,3152 vendu(s),MAD 51.80,fr.aliexpress.com/item/1005003217878984.html,4.6, ,KE Phone Accessories Store,//fr.aliexpress.com/store/910329109,i7s mini Tws casque sans fil Bluetooth √©couteurs pour iPhone Huawei Xiaomi Redmi sport √©couteurs st√©r√©o intra-auriculaire musique casque,,…couteurs et casques
https://ae01.alicdn.com/kf/S24143042968f477b8d281cd1dd529c93u/Wireless-bluetooth-headset-TWS-5-0-Chip-Bluetooth-headphones-Gaming-Headset-Wireless-earphones-for-Sports-Bluetooth.jpg_220x220xz.jpg,MAD,//ae01.alicdn.com/kf/S24143042968f477b8d281cd1dd529c93u/Wireless-bluetooth-headset-TWS-5-0-Chip-Bluetooth-headphones-Gaming-Headset-Wireless-earphones-for-Sports-Bluetooth.jpg_220x220xz.jpg, ,57.98,748 vendu(s),MAD 57.98,fr.aliexpress.com/item/1005004154484195.html,4.9, ,JOOJZ Store,//fr.aliexpress.com/store/3991028,√âcouteurs sans fil bluetooth 5.0 TWS. casque de jeu. oreillettes de sport,,…couteurs et casques
https://ae01.alicdn.com/kf/S39c40ba945c146e09ab971dec447b077q/M-J-Wireless-i7S-Tws-Bluetooth-Earphone-Stereo-Earbuds-Charging-box-for-iPhone-Samsung-iphone-Smart.jpg_220x220xz.jpg,MAD,//ae01.alicdn.com/kf/S39c40ba945c146e09ab971dec447b077q/M-J-Wireless-i7S-Tws-Bluetooth-Earphone-Stereo-Earbuds-Charging-box-for-iPhone-Samsung-iphone-Smart.jpg_220x220xz.jpg, ,52,535 vendu(s),MAD 52.00,fr.aliexpress.com/item/32863910282.html,4.5, ,Jiabosi Store,//fr.aliexpress.com/store/2066153,M & J ‚Äì √©couteurs sans fil i7S Tws Bluetooth. oreillettes st√©r√©o. bo√Æte de chargement pour iPhone Samsung iphone. t√©l√©phone intelligent. bo√Æte de d√©tail,,…couteurs et casques
https://ae01.alicdn.com/kf/Sba939e45bbd64c599ee8245c2a5ff11dD/New-Air-Pro-4S-TWS-Renamed-Bluetooth-5-0-Mini-Wireless-Headphones-with-Charging-Case-Sports.jpg_220x220xz.jpg,MAD,//ae01.alicdn.com/kf/Sba939e45bbd64c599ee8245c2a5ff11dD/New-Air-Pro-4S-TWS-Renamed-Bluetooth-5-0-Mini-Wireless-Headphones-with-Charging-Case-Sports.jpg_220x220xz.jpg, ,20.42,264 vendu(s),MAD 20.42,fr.aliexpress.com/item/1005004114848257.html,4.9, ,EDS EIDESS WoSD flagship store Store,//fr.aliexpress.com/store/911603593,Nouveau Air Pro 4S TWS Renomm√© Bluetooth 5.0 Mini √âcouteurs Sans Fil avec √âtui De Charge Sport Mains Libres √âcouteurs pour Smartphones,,…couteurs et casques
https://ae01.alicdn.com/kf/S7921c90c4a3e4c008eff827dfe767825Z/2022-Wireless-Bluetooth-Earphones-Mini-TWS-Earbud-Noise-Reduction-With-Charging-Box-Sports-Gaming-Headphone-For.jpg_220x220xz.jpg,MAD,//ae01.alicdn.com/kf/S7921c90c4a3e4c008eff827dfe767825Z/2022-Wireless-Bluetooth-Earphones-Mini-TWS-Earbud-Noise-Reduction-With-Charging-Box-Sports-Gaming-Headphone-For.jpg_220x220xz.jpg, ,4.78,112 vendu(s),MAD 4.78,fr.aliexpress.com/item/1005003658242827.html,4.8, ,Justbuyit Global Store,//fr.aliexpress.com/store/5089074,√âcouteurs sans fil Bluetooth 2022. Mini oreillettes TWS. r√©duction du bruit. avec bo√Æte de chargement. casque de sport et de jeu pour Redmi Xiaomi,,…couteurs et casques
https://ae01.alicdn.com/kf/Sa3a7a22aa4f64a11b43c95f5fe4c09351/TWS-Wireless-Bluetooth-5-1-Earphone-Touch-Control-9D-Stereo-Headset-Sports-Waterproof-Earbuds-Headsets-With.jpg_220x220xz.jpg,MAD,//ae01.alicdn.com/kf/Sa3a7a22aa4f64a11b43c95f5fe4c09351/TWS-Wireless-Bluetooth-5-1-Earphone-Touch-Control-9D-Stereo-Headset-Sports-Waterproof-Earbuds-Headsets-With.jpg_220x220xz.jpg, ,34.97,2408 vendu(s),MAD 34.97,fr.aliexpress.com/item/1005004008735913.html,4.4, ,New High-end Digital Store,//fr.aliexpress.com/store/912681932,√âcouteurs sans fil Bluetooth 5.1 TWS. casque st√©r√©o 9D. commande tactile. oreillettes √©tanches pour sport. avec Microphone,,…couteurs et casques
https://ae01.alicdn.com/kf/Sc5e5e6eac08f4bfd8d7e66a9b8f416d3L/F9-TWS-Wireless-Earphone-Bluetooth-Stereo-Headphone-5-1-Sport-Waterproof-Noise-Reduction-Wireless-Earbuds-With.jpg_220x220xz.jpg,MAD,//ae01.alicdn.com/kf/Sc5e5e6eac08f4bfd8d7e66a9b8f416d3L/F9-TWS-Wireless-Earphone-Bluetooth-Stereo-Headphone-5-1-Sport-Waterproof-Noise-Reduction-Wireless-Earbuds-With.jpg_220x220xz.jpg, ,47.12,9699 vendu(s),MAD 47.12,fr.aliexpress.com/item/1005003784307144.html,4.4, ,New High-end Digital Store,//fr.aliexpress.com/store/912681932,√âcouteurs sans fil F9 TWS Bluetooth 5.1. casque d'√©coute st√©r√©o. √©tanche. r√©duction de bruit. oreillettes avec micro. 3000MAH,,…couteurs et casques
https://ae01.alicdn.com/kf/Sd656ff5c7ecd4d7891dce9077d8f18fbj/3-5MM-Wired-Mobile-Headphones-Deep-Bass-In-Ear-Headphone-with-Mic-Music-Earphone-Earbuds-Stereo.jpg_220x220xz.jpg,MAD,//ae01.alicdn.com/kf/Sd656ff5c7ecd4d7891dce9077d8f18fbj/3-5MM-Wired-Mobile-Headphones-Deep-Bass-In-Ear-Headphone-with-Mic-Music-Earphone-Earbuds-Stereo.jpg_220x220xz.jpg, ,35.86,1 vendu(s),MAD 35.86,fr.aliexpress.com/item/1005004159791588.html,5, ,Newmsnr Official Store,//fr.aliexpress.com/store/5106117,√âcouteurs filaires pour t√©l√©phone portable. oreillettes avec basses profondes. avec micro. musique. st√©r√©o. r√©duction du bruit. 3.5MM,,…couteurs et casques
https://ae01.alicdn.com/kf/Sf79444ac4780427c909551bd2a0d6486u/A6s-earphones-Tws-Headset-Stereo-In-Ear-headphones-for-samsung-Xiaomi-Huawei-Iphone-Bluetooth-Telefoon-Oortjes.jpg_220x220xz.jpg,MAD,//ae01.alicdn.com/kf/Sf79444ac4780427c909551bd2a0d6486u/A6s-earphones-Tws-Headset-Stereo-In-Ear-headphones-for-samsung-Xiaomi-Huawei-Iphone-Bluetooth-Telefoon-Oortjes.jpg_220x220xz.jpg, ,63.06,204 vendu(s),MAD 63.06,fr.aliexpress.com/item/1005003710503330.html,4.6, ,Shop911530063 Store,//fr.aliexpress.com/store/911530063,√âcouteurs intra-auriculaires Bluetooth A6s Tws. casque d'√©coute st√©r√©o. pour samsung Xiaomi Huawei Iphone,,…couteurs et casques
https://ae01.alicdn.com/kf/Sa0728347680f4c2c948dd32d3c407e143/3-5mm-Universal-Wired-Earphone-Stereo-In-Ear-Earbuds-Headsets-Music-Sports-Headphones-for-iPhone-Samsung.jpg_220x220xz.jpg,MAD,//ae01.alicdn.com/kf/Sa0728347680f4c2c948dd32d3c407e143/3-5mm-Universal-Wired-Earphone-Stereo-In-Ear-Earbuds-Headsets-Music-Sports-Headphones-for-iPhone-Samsung.jpg_220x220xz.jpg, ,6.08,32 vendu(s),MAD 6.08,fr.aliexpress.com/item/1005004194268752.html, , ,3C Accessories Dropshipping Store,//fr.aliexpress.com/store/1100187028,√âcouteurs intra-auriculaires filaires universels. oreillettes st√©r√©o. casque d'√©coute de musique et de sport. pour iPhone Samsung Xiaomi Huawei PC portable. 3.5mm,,…couteurs et casques
https://ae01.alicdn.com/kf/Hb2347cb8a6144a9d92ffa16f56fca044O/3-5mm-Wired-Earphones-Sport-Headset-6D-In-Ear-Deep-Bass-Stereo-Earbuds-Mic-Hands-Free.jpg_220x220xz.jpg,MAD,//ae01.alicdn.com/kf/Hb2347cb8a6144a9d92ffa16f56fca044O/3-5mm-Wired-Earphones-Sport-Headset-6D-In-Ear-Deep-Bass-Stereo-Earbuds-Mic-Hands-Free.jpg_220x220xz.jpg, ,22.02,39 vendu(s),MAD 22.02,fr.aliexpress.com/item/1005003812311769.html,4.6, ,XQ Intelligence life Store,//fr.aliexpress.com/store/912168344,Oreillettes de Sport avec fil. 3.5mm. casque 6D. basse profonde. st√©r√©o. micro. mains libres. pour Iphone Samsung Huawei Xiaomi Vivo Oppo,,…couteurs et casques
https://ae01.alicdn.com/kf/S23d1e6e763734c10bbcc2338c87f7b17m/TWS-Wireless-Headphone-Invisible-Bluetooth-Earphone-Mini-Single-in-ear-Earbuds-with-Mic-18D-Sound-Quality.jpg_220x220xz.jpg,MAD,//ae01.alicdn.com/kf/S23d1e6e763734c10bbcc2338c87f7b17m/TWS-Wireless-Headphone-Invisible-Bluetooth-Earphone-Mini-Single-in-ear-Earbuds-with-Mic-18D-Sound-Quality.jpg_220x220xz.jpg, ,26.1,1140 vendu(s),MAD 26.10,fr.aliexpress.com/item/1005003724300852.html,4.9, ,HATOST Store,//fr.aliexpress.com/store/911865030,√âcouteurs sans fil Bluetooth TWS. Mini oreillettes avec micro. qualit√© son 18D. dur√©e de veille Ultra longue. ecouteurs sans fils. ecouteur blutooth. casque bluetooth. ecouteurs avec fil. √©couteur sans fil,,…couteurs et casques
https://ae01.alicdn.com/kf/S20611011582043d28e8711bbd852f77eb/A6Lite-TWS-Bluetooth-Earphones-Wireless-Headphones-In-Ear-Earbuds-With-Mic-HD-Call-Sports-Headset-For.jpg_220x220xz.jpg,MAD,//ae01.alicdn.com/kf/S20611011582043d28e8711bbd852f77eb/A6Lite-TWS-Bluetooth-Earphones-Wireless-Headphones-In-Ear-Earbuds-With-Mic-HD-Call-Sports-Headset-For.jpg_220x220xz.jpg, ,59.97,663 vendu(s),MAD 59.97,fr.aliexpress.com/item/1005003682916113.html,4.6, ,Shop911610185 Store,//fr.aliexpress.com/store/911610185,√âcouteurs sans fil Bluetooth A6Lite TWS. oreillettes avec micro. appel HD. casque d'√©coute pour sport. pour Smartphones iPhone Xiaomi,,…couteurs et casques
https://ae01.alicdn.com/kf/Sc99a5445aa6542a0884198c0d49ab078e/M-J-i7s-Mini-2-TWS-Wireless-Headphones-Bluetooth-5-0-Earphone-Matte-Macaron-Earbuds-Handsfree.jpg_220x220xz.jpg,MAD,//ae01.alicdn.com/kf/Sc99a5445aa6542a0884198c0d49ab078e/M-J-i7s-Mini-2-TWS-Wireless-Headphones-Bluetooth-5-0-Earphone-Matte-Macaron-Earbuds-Handsfree.jpg_220x220xz.jpg, ,52,5945 vendu(s),MAD 52.00,fr.aliexpress.com/item/4001060768250.html,4.4, ,Jiabosi Store,//fr.aliexpress.com/store/2066153,M & J ‚Äì √©couteurs sans fil Bluetooth 5.0. i7s Mini 2 TWS. oreillettes macarons mates. mains libres. avec bo√Æte de chargement. micro,,…couteurs et casques
https://ae01.alicdn.com/kf/H5a19287aa6a548539c25acf1ba226640y/Sleep-Headset-HiFi-Soft-Silicone-Side-Sleep-Soundproof-In-Ear-Mobile-Phone-Headset-With-Microphone-Cable.jpg_220x220xz.jpg,MAD,//ae01.alicdn.com/kf/H5a19287aa6a548539c25acf1ba226640y/Sleep-Headset-HiFi-Soft-Silicone-Side-Sleep-Soundproof-In-Ear-Mobile-Phone-Headset-With-Microphone-Cable.jpg_220x220xz.jpg, ,21.92,4 vendu(s),MAD 21.92,fr.aliexpress.com/item/1005003657772599.html,5, ,LXWABD Store,//fr.aliexpress.com/store/911937484,Oreillettes hi-fi en Silicone souple. √©couteurs de t√©l√©phone portable. intra-auriculaires. avec c√¢ble de Microphone,,…couteurs et casques
